date,价值100,自由现金流,沪深300,中证全指,300价值,中证红利,红利低波,红利质量
2013,0.02045359999999996,-0.030274499999999982,-0.053311189838166295,0.07096400154602756,-0.08667883503338836,-0.06739704269314761,0.1456213944388307,0.1752946551644028
2014,0.6400675150736888,0.5677796448582615,0.5584870248013023,0.4841174530679293,0.7037593142865144,0.5759391621180181,0.5778436853747801,0.24834097096163843
2015,0.15721957910455742,0.16706501589570943,0.07216342821751742,0.33782293701837207,0.07451011004677555,0.29886813846314,0.16057348069374466,0.5273653023308185
2016,0.06353602385454926,-0.017371735169918412,-0.09258809290213721,-0.13311469039250745,-0.015307878194637858,-0.043037409230485935,0.0008414697800089854,0.0029166138711946843
2017,0.4579076770977779,0.3206220278273737,0.24251174046931578,0.03675518954210566,0.36198129527411527,0.21340493273302918,0.23567804076498833,0.4652580450278063
2018,-0.1608293391392921,-0.14725885427318663,-0.2363739498873646,-0.2878938981313267,-0.16427131652549254,-0.16152435434161116,-0.16394905259139902,-0.1639517160371845
2019,0.29644535179321685,0.17687125103091628,0.39186774975971206,0.3340906920773583,0.2838406719180162,0.20875835970320966,0.2093962882916658,0.45662085686640697
2020,0.055071697578886525,0.13045189583987726,0.2989175033905731,0.2687486694611043,0.041427351006487534,0.08184824984462225,0.0199000050642002,0.43282171795532776
2021,0.17989761837125173,0.49153133941335025,-0.035167346794514054,0.07701809986822528,-0.007912248293036384,0.18191520845692466,0.16337258247623954,0.08954876902702735
2022,0.017187325159086164,0.059530731324968666,-0.1983671139372274,-0.18925267534811763,-0.1036847100094388,-0.0036743961549704496,0.03456577916081427,-0.11994969043039994
2023,0.17103753511760056,0.2892455018231177,-0.09135429181811772,-0.05343213017859305,0.0030171473825564288,0.06341040153476829,0.12231287899102838,-0.0252335544431741
2024,0.37198884483845673,0.3243993446097533,0.1823946288698246,0.09978509226332144,0.3084210270354546,0.18757238445489355,0.24821663685112205,0.07541792641976519
2025,0.17725977676022375,0.17851114505570398,0.20983589125580404,0.27032936256615736,0.1110477052545964,0.0376258878787441,0.055748982778061285,0.11187147879298176
2026,0.03852010254197058,-0.043046261866307556,-0.040859166029455274,-0.03313883864373146,-0.01866239243074541,0.03577466206599711,0.01894513956540189,0.04357174209792647
