group,name,code,logic,quality,exposure,pe,risk,turn,fee,trust,src
A,沪深300价值指数,000919 / H00919,沪深300中100只；B/P、E/P、D/P、CF/P标准化综合；自由流通市值加权，单股≤10%；半年调样,正向现金流指标不是专门FCF质量门槛；无ROE稳定性硬门槛,大盘、金融及成熟公司；价值100的简化大盘价值对照,8.45倍 · 2026-09-30,国内统一日序列可计算；见共同区间表,调样数量一般≤20%；不是资金换手,本研究未逐一核验对应产品总成本,2008-01-21发布；方法2025-01版本；长序列规则变更未复原,"S07,S15"
A,中证红利指数,000922 / H00922,3年连续分红、派息率约束；按3年平均股息率选100只、股息率加权；单股≤10%，每年调样,连续分红且过去3年均值/近年派息率0—100%；不等于未来现金流安全,高股息、成熟企业；存在金融和周期暴露,8.60倍 · 2026-09-30,统一序列；复杂质量约束较少,年度调样，一般更换≤20%只数,对应ETF/联接费用需按产品核对,2008-05-26发布；2022-10版规则,"S07,S16"
A,中证红利低波动指数,H30269 / H20269,高股息75只再选低波50只；股息率加权，单股≤15%；年度调样,3年连续现金分红、派息过高/为负及股利不增长者剔除,历史低波和股息；50只可更集中，低波不保证未来低波,8.03倍 · 2026-09-30,本次现行观察回撤14.00%，低于价值10015.80%,年度调样一般更换≤20%只数,产品费用需另核；不能从指数频率推断总成本,2013-12-19发布；2020-12 V1.1；最早共同区间含发布前回溯,"S07,S17"
A,中证红利质量指数,931468 / 921468,分红与融资约束后按六项盈利质量指标选50只；得分加权；单股≤10%、前五≤40%；半年调样,EPS、未分配EPS、应计/现金盈利质量、毛利率、ROE稳定与变化；无低估值硬约束,盈利能力高的分红企业，也可能带来更高估值和增长风格暴露,17.47倍 · 2026-09-30,与价值100长阶段互有胜负；质量不是廉价替代,半年调样；资金周转率未取得,对应产品总费未逐一核验,2020-05-21发布；此前回溯；2023-12 V1.2,"S07,S18,S40"
A,国证自由现金流指数,980092 / 480092,FCF/EV选100只；自由现金流规模加权；单股≤10%，无本PDF所列行业上限；季度调样,不含金融/房地产；FCF、EV、3年经营现金流为正及现金/营业利润筛选，ROE稳定性筛选,非金融现金创造能力；与价值10040只同名、对称权重重合36.47%,13.5031倍 · 2026-09-30,混合全区间最大回撤50.19%；现行共同短窗24.44%,季度调样；历史真实资金换手未取得,需比较具体ETF；规则不同不代表成本相同,官方长期序列可得，但原始版本/回溯生效链未完整确认,"S03,S19"
B,沪深300指数,000300 / H00300,规模大、流动性好的300只；自由流通市值加权；半年调样,无专门价值或现金流质量筛选,大盘市场基准；29只与价值100同名，覆盖后者61.46%权重,13.15倍 · 2026-09-30,不押某一价值规则，但也有行业与大盘风格风险,市场权重机制；实盘周转需按基金核对,成熟ETF选择多；本次未逐一核验费率,2005-04-08发布；共同区间均在发布后，但历史规则也有更新,"S07,S38"
B,中证全指指数,000985 / H00985,跨沪深交易所广覆盖、自由流通市值加权；半年调样,无专门价值/质量筛选,规模和行业覆盖更宽；降低只买成熟价值股的机会成本,17.28倍 · 2026-09-30,本次短窗回报与价值100接近，长期混合序列回撤更深,广覆盖不等于低资金周转；具体产品另核,指数不直接可买；需查可获得基金的结构与成本,2011-08-02发布；事实单2026-08-31样本5122只，不当作9月样本数,"S07,S38"
C,S&P 500 Value,SVX / SPTRSVX；IVE,B/P、E/P、S/P价值风格评分，S&P 500成员按风格分配流通市值权重；年度风格更新,无专门经营现金流或ROE稳定性门槛,美国大盘价值；与增长风格并非互斥持股,IVE组合24.55倍 · 2026-10-02,未取得与国内相同日频全收益，不能统一算回撤或全球排名,风格年度重算与股本维护；实际ETF换手未独立取齐,IVE费用0.18%/年，渠道/投资人税另计,IVE成立2000-05-22；10年净值实绩可核验，观察结束日2026-06-30,"S22,S23,S26"
C,Russell 1000 Value,RU10VATR全收益；IWD,大盘Russell母池，用B/P、预期盈利增长、历史销售增长区分价值/增长；风格概率分配流通市值,不是质量筛选策略，价值权重与增长权重可重叠,美国大盘价值覆盖广；未来盈利预期含预测误差,IWD组合22.77倍 · 2026-10-02,未取得统一日频回撤；长期净值较相应宽基跑输,2026起母指数半年重构；不沿用旧年度描述,IWD费用0.18%/年，渠道/投资人税另计,IWD成立2000-05-22；现行方法2026-08，长实绩包含旧规则,"S24,S25"
C,MSCI World Value,105868；美元净收益,23个发达市场，B/P、预期12个月E/P、股息率；市值风格分配,没有目标指数那样的现金流/ROE硬筛选,发达市场价值；包含金融与成熟行业；不是新兴市场/全球全市场,18.36倍 · 2026-09-30,官方最大回撤61.22%（2007—2009，发布后）；不能与2013起国内最大回撤直接排名,最近12个月官方周转28.29%，不同于基金费用或CNI更换只数,指数无产品费；可投资载体/渠道未逐一核验,1997-12-08发布，之前回溯；美元净收益含标准预扣税,S20
C,MSCI World Quality,702787；美元净收益,高ROE、低杠杆、稳定同比盈利增长；按质量得分及市值加权,直接质量取向，无低估值约束,盈利质量和成长定价；高估值亦可能大跌,25.97倍 · 2026-09-30,官方最大回撤48.40%属2007—2009回溯；2012-12-18才发布，不能当危机实盘证据,最近12个月官方周转25.48%,载体费率/税费需另核；不虚构单一全球投资成本,2012-12-18发布；本报告采用NET PDF，未混入GROSS,S21
C,Dow Jones U.S. Dividend 100,DJUSDIV / DJUSDIVT；SCHD,10年连续派息等筛选，按现金流/负债、ROE、股息率、5年股利增长综合选100只；流通市值上限权重,现金流覆盖负债和盈利能力；10年派息不是10年增长,美国高质量股息；单股≤4%、行业≤25%；排除REIT,SCHD组合19.57倍 · 2026-08-31,静态页面业绩日期有歧义，未纳入精确比较；日频回撤未取齐,年度选样、季度权重更新；SCHD周转39.60%（2026-08-31）,SCHD费用0.060%/年；税费/渠道另计,SCHD成立2011-10-20；规则、产品费与估值已核验，静态收益表未用于排名,"S27,S28"
