peak,trough,recovery,depth,underwater_days,recovery_after_trough_days,censored
2015-06-12,2016-01-28,2017-06-09,-0.3993811506195596,728,498.0,False
2018-02-02,2019-01-03,2020-07-09,-0.2748622437875875,888,553.0,False
2013-02-08,2013-06-27,2014-07-22,-0.2178211442814919,529,390.0,False
2021-09-13,2021-11-10,2023-03-01,-0.20367893587605468,534,476.0,False
2026-03-12,2026-06-30,,-0.15804744308106178,202,,True
2024-10-08,2025-04-07,2025-07-21,-0.13468243523561907,286,105.0,False
2024-05-20,2024-09-11,2024-09-26,-0.11945219942446206,129,15.0,False
2020-11-23,2021-02-05,2021-03-03,-0.11523338788868931,100,26.0,False
2015-01-07,2015-02-06,2015-03-17,-0.1067954716293732,69,39.0,False
2023-05-08,2023-06-26,2024-01-29,-0.10051030463378063,266,217.0,False
2015-05-04,2015-05-18,2015-05-25,-0.09318625713366901,21,7.0,False
2021-05-10,2021-07-28,2021-08-25,-0.08191414457580204,107,28.0,False
2015-05-26,2015-05-28,2015-06-03,-0.07044222570238523,8,6.0,False
2017-11-22,2017-12-07,2018-01-02,-0.06315903833375847,41,26.0,False
2020-08-17,2020-09-30,2020-11-05,-0.06115733047315275,80,36.0,False
2020-07-09,2020-07-16,2020-08-17,-0.061029670563255034,39,32.0,False
2021-03-03,2021-03-10,2021-05-07,-0.05521414624616339,65,58.0,False
2024-03-08,2024-03-27,2024-04-15,-0.054778048041024374,38,19.0,False
2025-11-13,2025-11-24,2026-01-19,-0.05002184534434595,67,56.0,False
2025-08-26,2025-09-25,2025-10-27,-0.048359498872792006,62,32.0,False
2014-10-08,2014-10-27,2014-10-30,-0.047580015362475914,22,3.0,False
2026-01-29,2026-02-02,2026-02-12,-0.04734774930009822,14,10.0,False
2014-12-22,2014-12-24,2014-12-26,-0.04618525596981726,4,2.0,False
2023-03-03,2023-03-29,2023-04-12,-0.04138748231176215,40,14.0,False
2017-07-24,2017-08-11,2017-08-28,-0.04109203136126616,35,17.0,False
2024-04-19,2024-04-23,2024-05-06,-0.03860036128652866,17,13.0,False
2025-07-22,2025-07-31,2025-08-25,-0.03333680825327867,34,25.0,False
2014-09-05,2014-09-22,2014-10-08,-0.03167237854166938,33,16.0,False
2017-06-12,2017-06-16,2017-06-21,-0.029703265620056207,9,5.0,False
2014-12-08,2014-12-09,2014-12-10,-0.029518734244632028,2,1.0,False
2018-01-26,2018-01-30,2018-02-02,-0.027951025577802824,7,3.0,False
2024-01-29,2024-02-02,2024-02-07,-0.025846711631295927,9,5.0,False
2013-01-21,2013-01-25,2013-01-28,-0.02550254351190817,7,3.0,False
2023-04-20,2023-04-26,2023-04-28,-0.023183048766526992,8,2.0,False
2013-01-07,2013-01-11,2013-01-14,-0.022118426709715533,7,3.0,False
2014-11-17,2014-11-20,2014-11-24,-0.02194286600449802,7,4.0,False
2020-11-09,2020-11-13,2020-11-17,-0.02133778182472701,8,4.0,False
2014-08-18,2014-08-28,2014-09-02,-0.021192893226877896,15,5.0,False
2014-08-04,2014-08-07,2014-08-18,-0.021189821334575254,14,11.0,False
2017-06-27,2017-07-04,2017-07-11,-0.021039599637132755,14,7.0,False
2026-02-12,2026-02-13,2026-02-24,-0.019847880482918745,12,11.0,False
2024-02-22,2024-02-26,2024-03-04,-0.018703895809019322,11,7.0,False
2015-04-14,2015-04-15,2015-04-16,-0.017227946728173182,2,1.0,False
2021-09-09,2021-09-10,2021-09-13,-0.016812486476292965,4,3.0,False
2013-01-15,2013-01-17,2013-01-18,-0.01651046815761481,3,1.0,False
2014-12-04,2014-12-05,2014-12-08,-0.015195682132714494,4,3.0,False
2015-03-23,2015-03-25,2015-03-27,-0.014530139862837244,4,2.0,False
2015-04-22,2015-04-24,2015-04-27,-0.013764929096389378,5,3.0,False
2014-07-28,2014-07-30,2014-08-04,-0.012740267013626183,7,5.0,False
2017-08-28,2017-09-11,2017-09-15,-0.012356312749426057,18,4.0,False
2015-03-30,2015-03-31,2015-04-01,-0.011947877497591963,2,1.0,False
2014-11-10,2014-11-11,2014-11-12,-0.01153559879678534,2,1.0,False
2015-04-17,2015-04-20,2015-04-21,-0.01149178320772326,4,1.0,False
2017-10-30,2017-11-03,2017-11-06,-0.01132883409524199,7,3.0,False
2024-05-13,2024-05-15,2024-05-17,-0.01116526298802234,4,2.0,False
2018-01-10,2018-01-11,2018-01-15,-0.01101688691388003,5,4.0,False
2015-04-27,2015-04-28,2015-05-04,-0.010845711420403026,7,6.0,False
2018-01-16,2018-01-19,2018-01-22,-0.00985349358530585,6,3.0,False
2017-07-11,2017-07-12,2017-07-14,-0.009752773236792023,3,2.0,False
2017-09-22,2017-09-25,2017-10-09,-0.009633871925701643,17,14.0,False
2015-04-08,2015-04-09,2015-04-10,-0.009610020268853825,2,1.0,False
2026-03-03,2026-03-10,2026-03-11,-0.00923307986041877,8,1.0,False
2017-10-12,2017-10-16,2017-10-18,-0.008883277755343144,6,2.0,False
2026-01-26,2026-01-27,2026-01-28,-0.007985558827898642,2,1.0,False
2017-11-13,2017-11-14,2017-11-16,-0.0074058834518035965,3,2.0,False
2013-01-30,2013-01-31,2013-02-01,-0.0073105446886857495,2,1.0,False
2021-09-02,2021-09-03,2021-09-06,-0.0069731395934954366,4,3.0,False
2015-06-08,2015-06-11,2015-06-12,-0.006957059284495526,4,1.0,False
2024-04-15,2024-04-16,2024-04-17,-0.00657875782580275,2,1.0,False
2013-02-05,2013-02-06,2013-02-08,-0.006462852699185229,3,2.0,False
2013-02-01,2013-02-04,2013-02-05,-0.0061669350123289,4,1.0,False
2017-07-14,2017-07-17,2017-07-19,-0.005880475486935821,5,2.0,False
2025-10-27,2025-10-28,2025-10-29,-0.005760056403323666,2,1.0,False
2018-01-23,2018-01-25,2018-01-26,-0.005575076407758006,3,1.0,False
2014-12-29,2014-12-30,2014-12-31,-0.005463937479911918,2,1.0,False
2023-04-12,2023-04-13,2023-04-17,-0.004757391146581691,5,4.0,False
2024-05-06,2024-05-08,2024-05-09,-0.004719261319894308,3,1.0,False
2020-11-17,2020-11-19,2020-11-20,-0.004682221985604529,3,1.0,False
2017-11-07,2017-11-08,2017-11-09,-0.004677735272027417,2,1.0,False
2023-04-18,2023-04-19,2023-04-20,-0.004608360998334171,2,1.0,False
2014-11-03,2014-11-06,2014-11-10,-0.004524029237131133,7,4.0,False
2017-10-18,2017-10-20,2017-10-24,-0.004180972219167023,6,4.0,False
2015-06-03,2015-06-04,2015-06-05,-0.0029208396548917603,2,1.0,False
2017-07-20,2017-07-21,2017-07-24,-0.0028845015213001535,4,3.0,False
2025-11-10,2025-11-11,2025-11-12,-0.002760975117628739,2,1.0,False
2014-12-11,2014-12-12,2014-12-15,-0.002756553021147856,4,3.0,False
2023-05-04,2023-05-05,2023-05-08,-0.002567454201068853,4,3.0,False
2017-09-15,2017-09-19,2017-09-20,-0.0022637743187335913,5,1.0,False
2015-03-18,2015-03-19,2015-03-20,-0.0017332541581215333,2,1.0,False
2024-02-07,2024-02-08,2024-02-19,-0.0015835169559715867,12,11.0,False
2017-10-09,2017-10-10,2017-10-11,-0.0014780987196902906,2,1.0,False
2024-03-05,2024-03-06,2024-03-07,-0.0011950505793159039,2,1.0,False
2026-02-26,2026-02-27,2026-03-02,-0.001122629417409149,4,3.0,False
2014-11-12,2014-11-13,2014-11-17,-0.0006575288367171028,5,4.0,False
2017-09-20,2017-09-21,2017-09-22,-0.0005850050665616724,2,1.0,False
2025-11-03,2025-11-04,2025-11-05,-0.0004504792036387206,2,1.0,False
2026-01-20,2026-01-21,2026-01-22,-0.0003475249377006273,2,1.0,False
2017-10-25,2017-10-26,2017-10-27,-0.00014786288872725706,2,1.0,False
