years,strategy,windows,median_cumulative,min_cumulative,loss_share,beats_lump_share
3.0,lump,130,0.585533793775658,-0.007226844294713208,0.007692307692307693,
3.0,4quarter,130,0.5272394078502435,0.0395465469403129,0.0,0.2846153846153846
3.0,12monthly,130,0.4975391250863411,0.012309028024082735,0.0,0.2692307692307692
5.0,lump,106,1.0680067990477629,0.2758585198913537,0.0,
5.0,4quarter,106,0.9228254739227989,0.2708843088752724,0.0,0.32075471698113206
5.0,12monthly,106,0.9144910212000453,0.2996918301426885,0.0,0.29245283018867924
10.0,lump,46,3.728813776015015,1.887987431615341,0.0,
10.0,4quarter,46,3.381825453619808,2.4975281303613137,0.0,0.32608695652173914
10.0,12monthly,46,3.3200364365990023,2.429669073704908,0.0,0.2826086956521739
