years,start,end,lump,4quarter,12monthly
3.0,2012-12-31,2015-12-31,0.9367375,1.0447414001640363,0.9984597448028742
3.0,2013-01-31,2016-01-29,0.49432031388771125,0.6299272541126193,0.6185317987015275
3.0,2013-02-28,2016-02-29,0.48290577059746975,0.5449967264513218,0.6130288100844878
3.0,2013-03-29,2016-03-31,0.7878898356134438,0.8364215593078448,0.8181752438038292
3.0,2013-04-26,2016-04-29,0.8042840296316027,0.8162853916796367,0.8041396363308997
3.0,2013-05-31,2016-05-31,0.7290119953078289,0.774296902693957,0.8012901947778306
3.0,2013-06-28,2016-06-30,1.0455995493292445,0.853760526909672,0.832424208269726
3.0,2013-07-31,2016-07-29,1.1126999154925015,0.9408503144846534,0.9051536389250272
3.0,2013-08-30,2016-08-31,1.0181397552749676,0.9538842814671589,0.9201881791161
3.0,2013-09-30,2016-09-30,0.9554711256333313,0.9130508795608872,0.8772147791312519
3.0,2013-10-31,2016-10-31,1.0045552202458867,0.9495922194258946,0.9314823388314277
3.0,2013-11-29,2016-11-30,1.154809135244177,1.1567996092025976,1.1207671891462225
3.0,2013-12-31,2016-12-30,1.0185044180352736,0.9594095848454167,0.9146513264912741
3.0,2014-01-30,2017-01-26,1.1880538358514605,0.9985556676920122,0.9279824580378999
3.0,2014-02-28,2017-02-28,1.2791027496291876,1.0023449282953032,0.903693050634504
3.0,2014-03-31,2017-03-31,1.3048859277144524,0.9509472605665481,0.8796869317864031
3.0,2014-04-30,2017-04-28,1.3133179240501431,0.9136674177763198,0.8183541236889535
3.0,2014-05-30,2017-05-31,1.3960122238701627,0.9149564713111127,0.7869440352826582
3.0,2014-06-30,2017-06-30,1.5544692727923528,0.9304269869172892,0.8121314162224731
3.0,2014-07-31,2017-07-31,1.3507510777862564,0.8378129970193333,0.7286680124968032
3.0,2014-08-29,2017-08-31,1.352003068655982,0.7807336655257144,0.6774595020401892
3.0,2014-09-30,2017-09-29,1.2892673442657765,0.6519428524043642,0.6292165701155876
3.0,2014-10-31,2017-10-31,1.3413356307582327,0.719905114387493,0.6582360382357908
3.0,2014-11-28,2017-11-30,1.1632229901164237,0.7195264908390409,0.6293673532761201
3.0,2014-12-31,2017-12-29,0.7943121610924582,0.6356188420693416,0.620221448537456
3.0,2015-01-30,2018-01-31,0.9684096906776092,0.7772505444445026,0.7745770635941411
3.0,2015-02-27,2018-02-28,0.7914558228127972,0.6949424612487467,0.6856206007565278
3.0,2015-03-31,2018-03-30,0.5456218982253711,0.5655863670040087,0.6184410859011489
3.0,2015-04-30,2018-04-27,0.2873099267168544,0.6010385388137083,0.6049227079641428
3.0,2015-05-29,2018-05-31,0.33526130264550247,0.6853111243969261,0.6891784650892532
3.0,2015-06-30,2018-06-29,0.25306245672710537,0.5610204920233168,0.65904836232365
3.0,2015-07-31,2018-07-31,0.5177129041183903,0.6964645187448206,0.7057290613791054
3.0,2015-08-31,2018-08-31,0.6164985493743627,0.6432672814634928,0.6166622271869471
3.0,2015-09-30,2018-09-28,0.7795736547186205,0.6310657679581275,0.6530332702902177
3.0,2015-10-30,2018-10-31,0.4892141831926702,0.5268942202844236,0.4961656903452476
3.0,2015-11-30,2018-11-30,0.4468565074732118,0.49591366765926725,0.45284313107037555
3.0,2015-12-31,2018-12-28,0.30116543930191897,0.380899570891442,0.39879015473176227
3.0,2016-01-29,2019-01-31,0.7204738722356396,0.5275845954160634,0.49910009694499546
3.0,2016-02-29,2019-02-28,0.8981405276340368,0.6304679684360261,0.5968657758130655
3.0,2016-03-31,2019-03-29,0.7800269253427046,0.6684393041530952,0.6155634300442467
3.0,2016-04-29,2019-04-30,0.8023901160730464,0.6266464292527787,0.5917696101619707
3.0,2016-05-31,2019-05-31,0.6877351094741357,0.4721084223658967,0.46116321666894056
3.0,2016-06-30,2019-06-28,0.715245605963498,0.53166500694027,0.4687427727990061
3.0,2016-07-29,2019-07-31,0.6187951189889811,0.4693145456389147,0.4181987563701166
3.0,2016-08-31,2019-08-30,0.5021009239875269,0.3302427360257627,0.31279710391690885
3.0,2016-09-30,2019-09-30,0.526677226198774,0.33864282720413974,0.2898455576775547
3.0,2016-10-31,2019-10-31,0.45798278346566135,0.29812815939719695,0.24943886192664166
3.0,2016-11-30,2019-11-29,0.33395237904673736,0.2566398697349759,0.23752356392779994
3.0,2016-12-30,2019-12-31,0.5861144783635963,0.3661246336075352,0.32994232812260504
3.0,2017-01-26,2020-01-23,0.4336626539518893,0.24260646636706418,0.20977323108886514
3.0,2017-02-28,2020-02-28,0.37479544710799595,0.1917540704569869,0.14789621974476397
3.0,2017-03-31,2020-03-31,0.24885807119623626,0.07550950067130735,0.04965953448660687
3.0,2017-04-28,2020-04-30,0.26827955927438984,0.06707651263919745,0.062114886441606565
3.0,2017-05-31,2020-05-29,0.1851961507976725,0.04167761428940553,0.012309028024082735
3.0,2017-06-30,2020-06-30,0.12533277624463346,0.0395465469403129,0.023241056614753397
3.0,2017-07-31,2020-07-31,0.2467114954080325,0.1422086353770986,0.1503536819564295
3.0,2017-08-31,2020-08-31,0.27109881202446506,0.18198653387463182,0.17653355162415818
3.0,2017-09-29,2020-09-30,0.19750336119636458,0.13872870464228004,0.11937750804018332
3.0,2017-10-31,2020-10-30,0.1533360201426346,0.11177196821083846,0.13708996981644384
3.0,2017-11-30,2020-11-30,0.25576574261505125,0.2566742401932145,0.26755100852749103
3.0,2017-12-29,2020-12-31,0.14785354486427793,0.19138635837248974,0.19840798418518135
3.0,2018-01-31,2021-01-29,-0.007226844294713208,0.13808561365311722,0.1778267571932446
3.0,2018-02-28,2021-02-26,0.1465538873763863,0.2539651633398117,0.28496847321252394
3.0,2018-03-30,2021-03-31,0.23725111126809284,0.352484390157745,0.34000386769463
3.0,2018-04-27,2021-04-30,0.23915292595634585,0.3254898793292227,0.3097080575183677
3.0,2018-05-31,2021-05-31,0.22232741420507618,0.3122145417592388,0.3160727649255195
3.0,2018-06-29,2021-06-30,0.25422651418285436,0.31094639509216604,0.30739651828337133
3.0,2018-07-31,2021-07-30,0.20331682617361158,0.2535378941717117,0.25656017947698406
3.0,2018-08-31,2021-08-31,0.4773465742645717,0.4683634668707344,0.45257209870140924
3.0,2018-09-28,2021-09-30,0.45521449877105846,0.46841635580885943,0.4712768262450475
3.0,2018-10-31,2021-10-29,0.456143074290037,0.3451102611033907,0.3412392318682871
3.0,2018-11-30,2021-11-30,0.45213855902662803,0.32423831172252404,0.3002000935131015
3.0,2018-12-28,2021-12-31,0.613914459825432,0.43186317689942166,0.4041052326025725
3.0,2019-01-31,2022-01-28,0.483223323829155,0.37435994397519323,0.34575219367967613
3.0,2019-02-28,2022-02-28,0.41748621091715554,0.4231502901947217,0.40716323524198694
3.0,2019-03-29,2022-03-31,0.37383446236125617,0.3889026958155699,0.4214873813436304
3.0,2019-04-30,2022-04-29,0.33292258409333986,0.3993155104090622,0.3900653919846149
3.0,2019-05-31,2022-05-31,0.43811734199385755,0.40957365773104826,0.42226842894598837
3.0,2019-06-28,2022-06-30,0.4117347970523453,0.42636245708158893,0.45207394909774057
3.0,2019-07-31,2022-07-29,0.36149134015441176,0.4155565801070076,0.39241437087374753
3.0,2019-08-30,2022-08-31,0.45123719437404763,0.40583774404088646,0.40639217991196785
3.0,2019-09-30,2022-09-30,0.41675291323985286,0.3856498249844573,0.36685033243817866
3.0,2019-10-31,2022-10-31,0.3096779207056781,0.2828305308348369,0.25315592950789934
3.0,2019-11-29,2022-11-30,0.4424186664030796,0.3894206824519051,0.3964757571597388
3.0,2019-12-31,2022-12-30,0.2662726818023615,0.3488133792749304,0.3206862883449242
3.0,2020-01-23,2023-01-31,0.4441159988614254,0.4070543567371414,0.40655218743130495
3.0,2020-02-28,2023-02-28,0.5183860195467713,0.4236342754730884,0.44504256611909465
3.0,2020-03-31,2023-03-31,0.6167004037353914,0.4823243373214836,0.4246918968604394
3.0,2020-04-30,2023-04-28,0.7002290170341916,0.5543454289650687,0.5158476903015485
3.0,2020-05-29,2023-05-31,0.638400709030096,0.39864328077505284,0.40222442891579635
3.0,2020-06-30,2023-06-30,0.6260002576246892,0.45382524881212594,0.4035849301085199
3.0,2020-07-31,2023-07-31,0.5309398078330063,0.5052075848027242,0.4670253009195393
3.0,2020-08-31,2023-08-31,0.41777422722252844,0.361586791299491,0.3932144177141268
3.0,2020-09-30,2023-09-28,0.5239496170314506,0.44057530777697473,0.4195148231735746
3.0,2020-10-30,2023-10-31,0.44833281622771826,0.4036288826012724,0.33944116771070854
3.0,2020-11-30,2023-11-30,0.3144000361666843,0.3013048936413856,0.32442007767248504
3.0,2020-12-31,2023-12-29,0.40545220148294203,0.30960150670261677,0.31998724636501485
3.0,2021-01-29,2024-01-31,0.5410762876149522,0.4390344633637664,0.3845486581752233
3.0,2021-02-26,2024-02-29,0.5465861309698459,0.4939093073414498,0.46156113050904746
3.0,2021-03-31,2024-03-29,0.4928848118419116,0.42895031924462,0.43825551492516923
3.0,2021-04-30,2024-04-30,0.5885188657545672,0.539855170790003,0.49891255982743465
3.0,2021-05-31,2024-05-31,0.6167508887635533,0.5264363260691298,0.5141001121264897
3.0,2021-06-30,2024-06-28,0.5652348656075141,0.4318823083578025,0.4443163002635031
3.0,2021-07-30,2024-07-31,0.6084258356033825,0.4618738095045669,0.4187685778512775
3.0,2021-08-31,2024-08-30,0.36090333890702353,0.3816869015716391,0.36620905207174825
3.0,2021-09-30,2024-09-30,0.6691807190495627,0.670029410339148,0.6983988871965296
3.0,2021-10-29,2024-10-31,0.6863600413940183,0.5930997277437258,0.578780748070568
3.0,2021-11-30,2024-11-29,0.7169768736612798,0.578453718958647,0.5705615299896742
3.0,2021-12-31,2024-12-31,0.6342644585129795,0.5969875855005864,0.6087962594530483
3.0,2022-01-28,2025-01-27,0.6475345723784187,0.6410566123759665,0.6023890839670392
3.0,2022-02-28,2025-02-28,0.5492221167361195,0.5478158929040824,0.5609281219741229
3.0,2022-03-31,2025-03-31,0.5849531091877196,0.610338634752325,0.6093162810521826
3.0,2022-04-29,2025-04-30,0.5918174908095257,0.6077080226873113,0.5673628965288449
3.0,2022-05-31,2025-05-30,0.6259324060279636,0.5952593773886565,0.600029456425792
3.0,2022-06-30,2025-06-30,0.6310880093493967,0.6352058976698016,0.6102074828547046
3.0,2022-07-29,2025-07-31,0.7298096910098015,0.6570881160482507,0.6336124984816194
3.0,2022-08-31,2025-08-29,0.7559082565626873,0.6638778079286407,0.6540682747563149
3.0,2022-09-30,2025-09-30,0.7455181034244629,0.6428678484208739,0.5992266278845366
3.0,2022-10-31,2025-10-31,0.9827314719980977,0.6712663727978945,0.6545240387670657
3.0,2022-11-30,2025-11-28,0.7970241917210459,0.6711958273005452,0.6493763566350701
3.0,2022-12-30,2025-12-31,0.8914449325204239,0.7012853694637966,0.6574044619508945
3.0,2023-01-31,2026-01-30,0.8767909854803155,0.7213432525918504,0.7367130197382736
3.0,2023-02-28,2026-02-27,0.8734646532970627,0.8061507690203573,0.7738719420650655
3.0,2023-03-31,2026-03-31,0.8213384467249822,0.7444495921656229,0.7043634595352994
3.0,2023-04-28,2026-04-30,0.7012264858847517,0.7001316842967871,0.7081061621925135
3.0,2023-05-31,2026-05-29,0.7442383725763433,0.6563141767070453,0.6254022437368791
3.0,2023-06-30,2026-06-30,0.5453672059782089,0.47572079244366217,0.4440415291311419
3.0,2023-07-31,2026-07-31,0.641313621433284,0.6263597855219512,0.6110558716489103
3.0,2023-08-31,2026-08-31,0.7017706923319011,0.5889374112041081,0.58150808973225
3.0,2023-09-28,2026-09-30,0.6162384775541239,0.5620930974302898,0.5377714861321943
5.0,2012-12-31,2017-12-29,2.0029838,2.1674332815878983,2.0949961603564806
5.0,2013-01-31,2018-01-31,2.1878917004389655,2.4708095827706167,2.445082695307908
5.0,2013-02-28,2018-02-28,1.9776770018948082,2.0967221061731887,2.2320505237157064
5.0,2013-03-29,2018-03-30,2.0668756733701668,2.1460899193194023,2.113917964088959
5.0,2013-04-26,2018-04-27,2.0756698848616253,2.092176990518819,2.070613317090224
5.0,2013-05-31,2018-05-31,1.9932828865215595,2.0675748211616694,2.1133981295748194
5.0,2013-06-28,2018-06-29,2.36691178560882,2.0475515549809566,2.0116512095217276
5.0,2013-07-31,2018-07-31,2.317909893922311,2.044840738046587,1.9881038926579606
5.0,2013-08-30,2018-08-31,1.9110999268464952,1.8160119141254447,1.7668783076145607
5.0,2013-09-30,2018-09-28,1.9257136468238687,1.8595458415274555,1.805325439738378
5.0,2013-10-31,2018-10-31,1.62623028013165,1.552579011660188,1.5285030558876467
5.0,2013-11-29,2018-11-30,1.4821452342612358,1.4837342578501778,1.4420701144482848
5.0,2013-12-31,2018-12-28,1.4695056198537588,1.3960912418697937,1.341074632061508
5.0,2014-01-30,2019-01-31,1.7620839609219234,1.521532913709986,1.4321438864021272
5.0,2014-02-28,2019-02-28,2.0658618339869537,1.691750761847465,1.5586368738826017
5.0,2014-03-31,2019-03-29,2.1308535990224735,1.6481672265108034,1.5509360588726642
5.0,2014-04-30,2019-04-30,2.0980566686680584,1.561034697251356,1.4329863614178606
5.0,2014-05-30,2019-05-31,1.897327143159261,1.3145664033750966,1.1595451581464378
5.0,2014-06-30,2019-06-28,1.9404173456001468,1.221386776677993,1.0850594517018792
5.0,2014-07-31,2019-07-31,1.6423324381161981,1.0652222097933368,0.9424189536475229
5.0,2014-08-29,2019-08-30,1.495553219621042,0.8892366249159214,0.7796204217037763
5.0,2014-09-30,2019-09-30,1.4183361732581532,0.7449282269171766,0.7208864255992862
5.0,2014-10-31,2019-10-31,1.3581460726450545,0.7323876582510933,0.6703052187659597
5.0,2014-11-28,2019-11-29,1.1970596291698845,0.7465073712206527,0.6549565352811373
5.0,2014-12-31,2019-12-31,0.9521020035219614,0.7791206280926248,0.7622933279562474
5.0,2015-01-30,2020-01-23,0.8029007401350301,0.6284725197746008,0.6261722169008153
5.0,2015-02-27,2020-02-28,0.7306922333161572,0.6378219294833993,0.6288990722235346
5.0,2015-03-31,2020-03-31,0.47459983059426536,0.4940909986068287,0.5446168217380889
5.0,2015-04-30,2020-04-30,0.28901525915566006,0.6033292715653049,0.6072559988514485
5.0,2015-05-29,2020-05-29,0.2758585198913537,0.6107750287769202,0.6145646325709813
5.0,2015-06-30,2020-06-30,0.2766169029189116,0.5904307147125687,0.690316346896743
5.0,2015-07-31,2020-07-31,0.7351614557062407,0.9388567416091032,0.9493082502718055
5.0,2015-08-31,2020-08-31,1.0165960754318326,1.0487293343799382,1.0152525662125615
5.0,2015-09-30,2020-09-30,1.0584454728702641,0.8859319294865984,0.9111755732216913
5.0,2015-10-30,2020-10-30,0.8977701272295202,0.9443471643338439,0.9048852032283576
5.0,2015-11-30,2020-11-30,1.0716457046776737,1.1395562623870856,1.0773568042590438
5.0,2015-12-31,2020-12-31,0.7797897753309369,0.8868951281088222,0.9109236880792184
5.0,2016-01-29,2021-01-29,1.117921622344554,0.8793028417542532,0.8439801067365964
5.0,2016-02-29,2021-02-26,1.3022819180872238,0.9765573949597932,0.9355628909546867
5.0,2016-03-31,2021-03-31,1.1223317339887378,0.9883369629375336,0.9250831340933783
5.0,2016-04-29,2021-04-30,1.1123200530020059,0.905520448775059,0.8644703343720765
5.0,2016-05-31,2021-05-31,1.116105464042663,0.8444498704420556,0.8304300302696652
5.0,2016-06-30,2021-06-30,1.064367893417852,0.8424141540130954,0.7664555173404768
5.0,2016-07-29,2021-07-30,0.8897604784321251,0.714443702210318,0.6546037944921268
5.0,2016-08-31,2021-08-31,1.1310236285804467,0.8849633222279742,0.8596993379674254
5.0,2016-09-30,2021-09-30,1.177245607107353,0.9067942062364946,0.8366803161812841
5.0,2016-10-31,2021-10-29,0.9077384325862559,0.6969450909437691,0.6328788102392657
5.0,2016-11-30,2021-11-30,0.6727322827905498,0.574491575951986,0.5502204702032509
5.0,2016-12-30,2021-12-31,0.9745167723643295,0.6993928007552193,0.6540813363617406
5.0,2017-01-26,2022-01-28,0.8723430320075223,0.6212362270539609,0.5779958314952249
5.0,2017-02-28,2022-02-28,0.9068104213207402,0.6508695389527093,0.589587826283255
5.0,2017-03-31,2022-03-31,0.8661550748457345,0.6043649329000964,0.5651708966349873
5.0,2017-04-28,2022-04-29,0.78508524813519,0.49968480060299614,0.49221796957539454
5.0,2017-05-31,2022-05-31,0.7390130018938676,0.5258906207189709,0.4822097539486663
5.0,2017-06-30,2022-06-30,0.6250301105021168,0.49869205545131967,0.4746439285285067
5.0,2017-07-31,2022-07-29,0.5303673648390448,0.4009336151399905,0.410671993507443
5.0,2017-08-31,2022-08-31,0.5398107685818181,0.4308122160450427,0.42396091092463895
5.0,2017-09-29,2022-09-30,0.4966294029567204,0.42190346727259165,0.39743101586164453
5.0,2017-10-31,2022-10-31,0.3190812135472716,0.2708843088752724,0.2996918301426885
5.0,2017-11-30,2022-11-30,0.46498064914921744,0.46525318837918195,0.47775869409914984
5.0,2017-12-29,2022-12-30,0.3776273118756086,0.428873244403591,0.43708917937636516
5.0,2018-01-31,2023-01-31,0.32269101067666184,0.5145471907197419,0.5670986934685605
5.0,2018-02-28,2023-02-28,0.46688456267896306,0.6028699367870609,0.6422107871987524
5.0,2018-03-30,2023-03-31,0.5424122446809909,0.6847720187515451,0.6689527592095985
5.0,2018-04-27,2023-04-28,0.7024813539702874,0.8190866260023699,0.7969658380707547
5.0,2018-05-31,2023-05-31,0.5655119334848671,0.6791791683039072,0.6837846550210878
5.0,2018-06-29,2023-06-30,0.6565650035162223,0.7297501091145608,0.7247118511099722
5.0,2018-07-31,2023-07-31,0.7502834286707327,0.8208609195240366,0.8246969838242182
5.0,2018-08-31,2023-08-31,0.768685745849822,0.7569654067372951,0.7378365373063971
5.0,2018-09-28,2023-09-28,0.7627633347700731,0.7777072532350258,0.7809356264057656
5.0,2018-10-31,2023-10-31,0.8456732308515491,0.7035640373307164,0.6983494598655671
5.0,2018-11-30,2023-11-30,0.8819911823241431,0.714696440625336,0.6831936341526048
5.0,2018-12-28,2023-12-29,0.9224376719210383,0.7046481576122494,0.671376407723782
5.0,2019-01-31,2024-01-31,0.8970812889945214,0.7564094922407678,0.7194965310330845
5.0,2019-02-28,2024-02-29,0.8758765393069234,0.8816833650234339,0.8601395623426662
5.0,2019-03-29,2024-03-29,0.7799712837219528,0.797930725255348,0.8398053685028724
5.0,2019-04-30,2024-04-30,0.8616725784183032,0.9522529435064495,0.9388640935652772
5.0,2019-05-31,2024-05-31,1.0271044730321273,0.9846370244671581,1.0020504880475096
5.0,2019-06-28,2024-06-28,0.8838238622994741,0.9015513765064018,0.9354722211280535
5.0,2019-07-31,2024-07-31,0.8776555111623909,0.9501714868623905,0.9178064691783994
5.0,2019-08-30,2024-08-30,0.9307072681415729,0.8685407096845166,0.8688990797650094
5.0,2019-09-30,2024-09-30,1.3804746187690733,1.3244417350250481,1.2919894941833356
5.0,2019-10-31,2024-10-31,1.2065650559315326,1.15750532156766,1.1066706755094713
5.0,2019-11-29,2024-11-29,1.1530323649412577,1.071216099953348,1.081154451139842
5.0,2019-12-31,2024-12-31,1.0344575551330828,1.163726590541847,1.1177735116228527
5.0,2020-01-23,2025-01-27,1.151656715114337,1.0937669181620477,1.0924164671931051
5.0,2020-02-28,2025-02-28,1.148736296259318,1.0124109067447158,1.0422136692056196
5.0,2020-03-31,2025-03-31,1.3683782459523592,1.16899258313014,1.0839951288243297
5.0,2020-04-30,2025-04-30,1.2404602359067893,1.0465435395998481,0.9954443526748296
5.0,2020-05-29,2025-05-30,1.385695897156098,1.034074001008872,1.0387534775074356
5.0,2020-06-30,2025-06-30,1.3553629504305196,1.1035244709718732,1.0302021029656725
5.0,2020-07-31,2025-07-31,1.1233816390193017,1.0856023033128825,1.032194893335261
5.0,2020-08-31,2025-08-29,1.127109565770652,1.040086988387928,1.0869245861164147
5.0,2020-09-30,2025-09-30,1.1815335151697544,1.0598636191157333,1.0291932200297658
5.0,2020-10-30,2025-10-31,1.2676685636664415,1.1945559999686086,1.0933727049610638
5.0,2020-11-30,2025-11-28,1.0964146238311248,1.0722564635546021,1.1083948259898193
5.0,2020-12-31,2025-12-31,1.2700685201585986,1.1118762177822483,1.127885545693164
5.0,2021-01-29,2026-01-30,1.5004851824888914,1.331497133796303,1.2423194226768772
5.0,2021-02-26,2026-02-27,1.3968837478146399,1.3122516279318233,1.2614475868846715
5.0,2021-03-31,2026-03-31,1.2705614861461605,1.170464387762732,1.1839659999281658
5.0,2021-04-30,2026-04-30,1.337327629569121,1.2631080307945473,1.2023282978411474
5.0,2021-05-31,2026-05-29,1.233956266853684,1.1071189121951543,1.0895993423467623
5.0,2021-06-30,2026-06-30,1.041099595692268,0.8656135161557188,0.8814607262060756
5.0,2021-07-30,2026-07-31,1.3873712810791776,1.1671235021407824,1.1026074984621972
5.0,2021-08-31,2026-08-31,1.0373672763486481,1.0657822911074857,1.041983281004648
5.0,2021-09-30,2026-09-30,0.95781854213455,0.957988687353609,0.991071479823721
10.0,2012-12-31,2022-12-30,3.1369925000000007,3.3617503952546226,3.2615573376147937
10.0,2013-01-31,2023-01-31,3.2165956951813577,3.5893465782730356,3.5549931245744535
10.0,2013-02-28,2023-02-28,3.3679084267236723,3.540221292589404,3.738206984921682
10.0,2013-03-29,2023-03-31,3.7303865915204044,3.8497460451910577,3.799513223497928
10.0,2013-04-26,2023-04-28,4.236270629944857,4.260601527232707,4.223069249219374
10.0,2013-05-31,2023-05-31,3.68602007914553,3.7993790375868395,3.8704646469194985
10.0,2013-06-28,2023-06-30,4.577508233965886,4.04497202226407,3.9847426876075254
10.0,2013-07-31,2023-07-31,4.80728270515489,4.325244179192738,4.2250700233089535
10.0,2013-08-30,2023-08-31,4.148820945357856,3.9764906929030213,3.888676361335828
10.0,2013-09-30,2023-09-28,4.157340744657554,4.036611659571212,3.9401194201635112
10.0,2013-10-31,2023-10-31,3.8471629260907507,3.7065818266285637,3.6611567376116296
10.0,2013-11-29,2023-11-30,3.6713754441275404,3.669571715226211,3.590083538666014
10.0,2013-12-31,2023-12-29,3.7474706346275815,3.6013111688127584,3.4943838876505797
10.0,2014-01-30,2024-01-31,4.2398978008968555,3.77867771800869,3.6080027221938886
10.0,2014-02-28,2024-02-29,4.751178287132624,4.0446522008613,3.7938844830821425
10.0,2014-03-31,2024-03-29,4.572829499797527,3.709445369448866,3.5354188945103964
10.0,2014-04-30,2024-04-30,4.767567146445283,3.763101189915698,3.5236649292791977
10.0,2014-05-30,2024-05-31,4.873184811735533,3.686105872904619,3.3706323331368555
10.0,2014-06-30,2024-06-28,4.539228360760837,3.179870694231006,2.921963484440827
10.0,2014-07-31,2024-07-31,3.9613900647520373,2.8729555348682525,2.641317150011333
10.0,2014-08-29,2024-08-30,3.8181827391564482,2.6424134513159547,2.429669073704908
10.0,2014-09-30,2024-09-30,4.756787880092162,3.1459938632056463,3.0870053679074356
10.0,2014-10-31,2024-10-31,4.203402720680758,2.8158615837444936,2.677386592103312
10.0,2014-11-28,2024-11-29,3.730340489308599,2.7538428219259434,2.5553152485254023
10.0,2014-12-31,2024-12-31,2.9714686694556827,2.6138537607945356,2.5783214335412774
10.0,2015-01-30,2025-01-27,2.8792234841961464,2.4975281303613137,2.4911381390779286
10.0,2015-02-27,2025-02-28,2.718801219380527,2.512887684151421,2.492289214796501
10.0,2015-03-31,2025-03-31,2.4924101602644924,2.530824439521467,2.6487473349228945
10.0,2015-04-30,2025-04-30,1.887987431615341,2.585189706188999,2.592443737765582
10.0,2015-05-29,2025-05-30,2.0438104362564546,2.8348818854438096,2.842219880884017
10.0,2015-06-30,2025-06-30,2.0068961550285604,2.7383714051864905,2.9719099620334912
10.0,2015-07-31,2025-07-31,2.684409975780634,3.110575064875583,3.1314288453681405
10.0,2015-08-31,2025-08-29,3.2895208023466065,3.3515938020880824,3.278957508761784
10.0,2015-09-30,2025-09-30,3.4905677882159347,3.1076208484885948,3.1611933262975667
10.0,2015-10-30,2025-10-31,3.303513658583647,3.4019005119849934,3.3108905706345917
10.0,2015-11-30,2025-11-28,3.343028350683211,3.479302613170745,3.3475209686222787
10.0,2015-12-31,2025-12-31,3.0402447414789053,3.276248977311141,3.329182302563413
10.0,2016-01-29,2026-01-30,4.295831634345392,3.6906282513917787,3.600420893819293
10.0,2016-02-29,2026-02-27,4.518302112350782,3.729688984590185,3.6296601846857444
10.0,2016-03-31,2026-03-31,3.8188846960206257,3.5074416002628945,3.3622276975836973
10.0,2016-04-29,2026-04-30,3.937184022374498,3.4461679029381704,3.3486075460045033
10.0,2016-05-31,2026-05-29,3.727287062721431,3.1134910825481894,3.0805903506354912
10.0,2016-06-30,2026-06-30,3.213580472615277,2.754777293917125,2.598424276868145
10.0,2016-07-29,2026-07-31,3.511559894327302,3.0849946854207717,2.940481830805153
10.0,2016-08-31,2026-08-31,3.341677805995558,2.8346428819838985,2.7818619765042865
10.0,2016-09-30,2026-09-30,3.262651820375771,2.7279112531147383,2.589443742699103
