date,open,close,high,low,volume_lots,nav,premium,approx_turnover_yuan
2025-07-08,1.001,1.004,1.007,1.0,1321503.0,1.0055,-0.001491795126802642,132678901.20000002
2025-07-09,1.005,1.005,1.008,1.003,479440.0,1.0037,0.0012952077313936883,48183719.99999999
2025-07-10,1.004,1.013,1.015,1.0,925327.0,1.0119,0.0010870639391242776,93735625.1
2025-07-11,1.013,1.011,1.02,1.009,409944.0,1.0108,0.00019786307874958275,41445338.4
2025-07-14,1.011,1.018,1.02,1.009,242772.0,1.0166,0.0013771394845565332,24714189.6
2025-07-15,1.018,1.013,1.02,1.008,152193.0,1.0121,0.0008892401936566596,15417150.899999999
2025-07-16,1.014,1.01,1.014,1.007,162689.0,1.0104,-0.00039588281868563335,16431589.000000002
2025-07-17,1.01,1.009,1.014,1.008,123245.0,1.0101,-0.0010890010890012292,12435420.499999998
2025-07-18,1.01,1.015,1.016,1.01,216630.0,1.0157,-0.000689179875947743,21987945.0
2025-07-21,1.015,1.026,1.026,1.015,270161.0,1.0259,9.747538746474049e-05,27718518.599999998
2025-07-22,1.026,1.037,1.037,1.021,197074.0,1.0372,-0.00019282684149635188,20436573.799999997
2025-07-23,1.036,1.032,1.04,1.03,208963.0,1.0323,-0.00029061319383894,21564981.599999998
2025-07-24,1.031,1.034,1.034,1.027,162966.0,1.0325,0.0014527845036320652,16850684.400000002
2025-07-25,1.037,1.028,1.038,1.026,484075.0,1.0257,0.0022423710636638727,49762910.0
2025-07-28,1.025,1.023,1.028,1.019,212521.0,1.0199,0.003039513677811412,21740898.299999997
2025-07-29,1.023,1.018,1.023,1.012,429483.0,1.0161,0.0018698946954041062,43721369.4
2025-07-30,1.017,1.023,1.028,1.016,483516.0,1.0233,-0.00029316915860466697,49463686.8
2025-07-31,1.02,1.005,1.023,1.001,374001.0,1.0025,0.0024937655860348684,37587100.49999999
2025-08-01,1.004,1.004,1.008,1.001,148232.0,1.0033,0.0006976975979267053,14882492.8
2025-08-04,1.002,1.006,1.012,1.0,94837.0,1.0081,-0.0020831266739410603,9540602.2
2025-08-05,1.008,1.016,1.017,1.008,191756.0,1.0175,-0.0014742014742015197,19482409.599999998
2025-08-06,1.016,1.018,1.02,1.013,205837.0,1.0188,-0.0007852375343541107,20954206.599999998
2025-08-07,1.018,1.018,1.019,1.013,115587.0,1.0187,-0.0006871502895846593,11766756.600000001
2025-08-08,1.018,1.022,1.025,1.017,134465.0,1.0238,-0.0017581558898221994,13742323.000000002
2025-08-11,1.023,1.02,1.025,1.019,102506.0,1.0213,-0.0012728874963282566,10455612.0
2025-08-12,1.02,1.025,1.03,1.02,180045.0,1.0262,-0.0011693626973300342,18454612.499999996
2025-08-13,1.025,1.025,1.028,1.024,139367.0,1.0256,-0.0005850234009361355,14285117.499999998
2025-08-14,1.026,1.022,1.031,1.018,144941.0,1.02,0.0019607843137254832,14812970.2
2025-08-15,1.021,1.027,1.027,1.017,135426.0,1.0256,0.001365054602183946,13908250.199999997
2025-08-18,1.027,1.026,1.028,1.023,125663.0,1.0238,0.0021488571986716387,12893023.799999999
2025-08-19,1.025,1.022,1.029,1.021,449862.0,1.0232,-0.0011727912431588328,45975896.400000006
2025-08-20,1.022,1.033,1.033,1.017,219939.0,1.0326,0.0003873716831299667,22719698.7
2025-08-21,1.035,1.035,1.038,1.03,565293.0,1.0361,-0.0010616735836310731,58507825.5
2025-08-22,1.035,1.035,1.036,1.028,115428.0,1.0352,-0.00019319938176198814,11946798.0
2025-08-25,1.037,1.05,1.051,1.036,112069.0,1.0526,-0.0024700741022229966,11767245.000000002
2025-08-26,1.05,1.055,1.059,1.05,111443.0,1.0583,-0.0031182084475102068,11757236.5
2025-08-27,1.064,1.042,1.068,1.036,885568.0,1.0352,0.006568778979907375,92276185.60000001
2025-08-28,1.042,1.038,1.042,1.022,498170.0,1.0385,-0.000481463649494418,51710046.0
2025-08-29,1.033,1.035,1.048,1.033,256317.0,1.0341,0.0008703220191470518,26528809.499999996
2025-09-01,1.033,1.033,1.042,1.03,229110.0,1.0309,0.0020370550004848997,23667062.999999996
2025-09-02,1.032,1.038,1.039,1.028,286431.0,1.0383,-0.00028893383415196094,29731537.800000004
2025-09-03,1.038,1.03,1.043,1.028,195213.0,1.0307,-0.0006791500921703442,20106939.0
2025-09-04,1.03,1.022,1.03,1.015,344462.0,1.0237,-0.0016606427664355161,35204016.4
2025-09-05,1.02,1.031,1.032,1.019,279343.0,1.0329,-0.001839481072707927,28800263.299999997
2025-09-08,1.031,1.037,1.04,1.031,182564.0,1.0371,-9.642271719212392e-05,18931886.799999997
2025-09-09,1.037,1.038,1.042,1.033,280135.0,1.0398,-0.0017311021350260303,29078013.0
2025-09-10,1.037,1.035,1.037,1.031,212116.0,1.0348,0.00019327406262070745,21954005.999999996
2025-09-11,1.035,1.04,1.041,1.031,231887.0,1.0426,-0.0024937655860348684,24116248.0
2025-09-12,1.041,1.035,1.045,1.035,210863.0,1.035,0.0,21824320.5
2025-09-15,1.037,1.031,1.037,1.03,291518.0,1.0301,0.0008737015823705452,30055505.799999997
2025-09-16,1.032,1.024,1.033,1.019,280723.0,1.0241,-9.764671418810433e-05,28746035.200000003
2025-09-17,1.023,1.029,1.03,1.02,222354.0,1.0296,-0.0005827505827507018,22880226.599999998
2025-09-18,1.03,1.015,1.03,1.007,384521.0,1.0109,0.004055791868631919,39028881.49999999
2025-09-19,1.014,1.016,1.017,1.008,180325.0,1.0151,0.000886612156437927,18321020.0
2025-09-22,1.018,1.006,1.018,1.002,247410.0,1.0057,0.0002982996917568759,24889446.0
2025-09-23,1.007,1.009,1.01,0.999,301907.0,1.0067,0.0022846925598489776,30462416.299999993
2025-09-24,1.005,1.011,1.013,1.004,246451.0,1.0123,-0.0012842042872667214,24916196.099999998
2025-09-25,1.013,1.007,1.013,1.005,246173.0,1.0061,0.0008945432859555069,24789621.099999998
2025-09-26,1.007,1.009,1.012,1.003,160282.0,1.0083,0.0006942378260437199,16172453.799999997
2025-09-29,1.009,1.014,1.018,1.003,249341.0,1.0141,-9.860960457552803e-05,25283177.400000002
2025-09-30,1.013,1.013,1.014,1.01,123534.0,1.0127,0.0002962377801916105,12513994.199999997
2025-10-09,1.012,1.026,1.027,1.01,295351.0,1.0284,-0.002333722287047757,30303012.599999998
2025-10-10,1.027,1.027,1.035,1.024,195964.0,1.0292,-0.0021375825884181188,20125502.8
2025-10-13,1.019,1.021,1.024,1.008,264940.0,1.0224,-0.0013693270735525287,27050374.0
2025-10-14,1.023,1.032,1.036,1.018,311555.0,1.0309,0.0010670288097780478,32152476.0
2025-10-15,1.031,1.04,1.04,1.03,234454.0,1.0392,0.0007698229407238077,24383216.0
2025-10-16,1.039,1.041,1.044,1.035,345868.0,1.0405,0.00048053820278703974,36004858.8
2025-10-17,1.043,1.03,1.045,1.028,314747.0,1.0286,0.0013610733035194222,32418941.000000004
2025-10-20,1.031,1.033,1.034,1.024,194512.0,1.0327,0.00029050062941804455,20093089.599999998
2025-10-21,1.035,1.039,1.04,1.033,723809.0,1.0393,-0.00028865582603676554,75203755.1
2025-10-22,1.038,1.045,1.047,1.036,609235.0,1.0445,0.0004786979415987158,63665057.49999999
2025-10-23,1.04,1.055,1.056,1.04,253429.0,1.0548,0.00018960940462653397,26736759.499999996
2025-10-24,1.055,1.05,1.059,1.049,269964.0,1.0518,-0.0017113519680548306,28346220.0
2025-10-27,1.05,1.058,1.06,1.049,339375.0,1.0574,0.00056742954416511,35905875.0
2025-10-28,1.055,1.051,1.059,1.049,320091.0,1.0513,-0.00028536098164178014,33641564.1
2025-10-29,1.05,1.057,1.058,1.044,284053.0,1.058,-0.000945179584121103,30024402.1
2025-10-30,1.055,1.061,1.067,1.055,310025.0,1.0605,0.00047147571900052476,32893652.499999996
2025-10-31,1.061,1.065,1.068,1.061,257261.0,1.064,0.0009398496240600185,27398296.499999996
2025-11-03,1.063,1.075,1.172,1.063,348767.0,1.0736,0.0013040238450072739,37492452.5
2025-11-04,1.078,1.075,1.083,1.068,338988.0,1.0731,0.0017705712421955955,36441210.0
2025-11-05,1.064,1.081,1.081,1.059,286869.0,1.0773,0.0034345122064420863,31010538.9
2025-11-06,1.081,1.102,1.104,1.081,549358.0,1.0988,0.0029122679286495146,60539251.60000001
2025-11-07,1.102,1.106,1.109,1.1,505958.0,1.1043,0.0015394367472607584,55958954.800000004
2025-11-10,1.103,1.121,1.121,1.103,528749.0,1.1192,0.0016082916368835853,59272762.9
2025-11-11,1.122,1.118,1.123,1.111,535583.0,1.1161,0.0017023564196756436,59878179.40000001
2025-11-12,1.119,1.124,1.127,1.116,435474.0,1.1217,0.00205045912454338,48947277.60000001
2025-11-13,1.125,1.13,1.13,1.118,673777.0,1.1268,0.0028399006034787178,76136800.99999999
2025-11-14,1.123,1.114,1.127,1.114,631574.0,1.1134,0.0005388898868332603,70357343.60000001
2025-11-17,1.109,1.107,1.115,1.103,547616.0,1.1058,0.0010851871947912262,60621091.2
2025-11-18,1.101,1.092,1.105,1.088,423000.0,1.0919,9.158347834059555e-05,46191600.00000001
2025-11-19,1.091,1.097,1.102,1.091,494126.0,1.0973,-0.0002733983413834018,54205622.199999996
2025-11-20,1.099,1.096,1.107,1.095,361650.0,1.0951,0.000821842754086477,39636840.0
2025-11-21,1.085,1.076,1.093,1.075,493483.0,1.0759,9.294544102611546e-05,53098770.8
2025-11-24,1.08,1.073,1.082,1.068,503054.0,1.0706,0.0022417336073230487,53977694.199999996
2025-11-25,1.074,1.079,1.081,1.07,447335.0,1.0789,9.268699601450159e-05,48267446.5
2025-11-26,1.079,1.081,1.085,1.078,353273.0,1.0797,0.0012040381587477,38188811.300000004
2025-11-27,1.08,1.085,1.086,1.078,452578.0,1.0829,0.0019392372333548735,49104713.0
2025-11-28,1.084,1.084,1.086,1.079,377532.0,1.0838,0.00018453589223099698,40924468.800000004
2025-12-01,1.084,1.094,1.094,1.084,677352.0,1.0946,-0.0005481454412570308,74102308.80000001
2025-12-02,1.095,1.093,1.097,1.09,340334.0,1.0935,-0.0004572473708275293,37198506.199999996
2025-12-03,1.093,1.097,1.103,1.092,738288.0,1.097,0.0,80990193.6
2025-12-04,1.101,1.094,1.105,1.093,404985.0,1.0945,-0.0004568296025582175,44305359.0
2025-12-05,1.095,1.104,1.106,1.095,498503.0,1.1037,0.0002718129926613244,55034731.2
2025-12-08,1.104,1.097,1.11,1.092,626564.0,1.097,0.0,68734070.8
2025-12-09,1.096,1.081,1.096,1.078,435187.0,1.0795,0.0013895321908290459,47043714.7
2025-12-10,1.079,1.079,1.082,1.075,389461.0,1.0797,-0.0006483282393259238,42022841.9
2025-12-11,1.08,1.073,1.087,1.073,432949.0,1.0751,-0.001953306669147059,46455427.7
2025-12-12,1.076,1.08,1.081,1.074,543120.0,1.0796,0.00037050759540591116,58656960.00000001
2025-12-15,1.078,1.083,1.088,1.076,1355350.0,1.0804,0.0024065161051460837,146784405.0
2025-12-16,1.083,1.072,1.083,1.068,503373.0,1.071,0.0009337068160597539,53961585.6
2025-12-17,1.072,1.08,1.084,1.069,504458.0,1.0795,0.00046317739694323734,54481464.0
2025-12-18,1.081,1.086,1.087,1.077,390446.0,1.085,0.0009216589861751334,42402435.6
2025-12-19,1.083,1.089,1.091,1.081,374431.0,1.0872,0.0016556291390728006,40775535.9
2025-12-22,1.09,1.087,1.091,1.085,505289.0,1.0873,-0.00027591281155148195,54924914.300000004
2025-12-23,1.089,1.09,1.094,1.085,472704.0,1.0898,0.0001835199119104569,51524736.00000001
2025-12-24,1.09,1.088,1.09,1.083,511606.0,1.0885,-0.00045934772622868714,55662732.80000001
2025-12-25,1.085,1.09,1.09,1.085,322326.0,1.0879,0.0019303244783528406,35133534.0
2025-12-26,1.089,1.098,1.098,1.088,513384.0,1.0963,0.0015506704369241398,56369563.20000001
2025-12-29,1.097,1.095,1.102,1.092,1082579.0,1.0949,9.13325417846167e-05,118542400.49999999
2025-12-30,1.091,1.103,1.105,1.09,856879.0,1.1009,0.0019075302025615137,94513753.7
2025-12-31,1.105,1.102,1.106,1.097,502473.0,1.099,0.0027297543221111997,55372524.6
2026-01-05,1.103,1.104,1.109,1.1,1103303.0,1.1043,-0.0002716653083401077,121804651.20000002
2026-01-06,1.105,1.122,1.122,1.102,617864.0,1.1225,-0.00044543429844090543,69324340.80000001
2026-01-07,1.121,1.118,1.122,1.114,647248.0,1.1192,-0.0010721944245888348,72362326.4
2026-01-08,1.117,1.111,1.118,1.107,467755.0,1.1113,-0.00026995410780161766,51967580.5
2026-01-09,1.109,1.118,1.12,1.109,493049.0,1.1188,-0.0007150518412584184,55122878.2
2026-01-12,1.119,1.12,1.124,1.114,659464.0,1.1198,0.00017860332202190854,73859968.0
2026-01-13,1.118,1.12,1.129,1.118,527200.0,1.1207,-0.0006246096189880257,59046400.0
2026-01-14,1.121,1.117,1.132,1.115,568217.0,1.1151,0.001703883059815281,63469838.9
2026-01-15,1.114,1.121,1.129,1.113,567582.0,1.1202,0.0007141581860381496,63625942.2
2026-01-16,1.121,1.112,1.125,1.109,467749.0,1.1129,-0.00080869799622596,52013688.800000004
2026-01-19,1.109,1.129,1.13,1.108,500511.0,1.1277,0.0011527888622862026,56507691.9
2026-01-20,1.125,1.141,1.141,1.124,714257.0,1.1387,0.002019847194168811,81496723.7
2026-01-21,1.139,1.141,1.144,1.13,630114.0,1.1383,0.0023719581832557513,71896007.4
2026-01-22,1.139,1.145,1.15,1.139,377104.0,1.1431,0.001662146793806274,43178408.0
2026-01-23,1.143,1.147,1.15,1.141,607645.0,1.1439,0.0027100271002711285,69696881.5
2026-01-26,1.146,1.161,1.168,1.146,720573.0,1.1572,0.003283788454891079,83658525.3
2026-01-27,1.16,1.148,1.165,1.148,525659.0,1.1479,8.711560240448613e-05,60345653.2
2026-01-28,1.15,1.17,1.175,1.144,587799.0,1.1658,0.0036026762738032847,68772483.0
2026-01-29,1.171,1.184,1.185,1.157,1009896.0,1.1837,0.0002534425952520625,119571686.39999998
2026-01-30,1.18,1.168,1.183,1.153,652581.0,1.167,0.0008568980291343564,76221460.8
2026-02-02,1.16,1.126,1.16,1.125,1034539.0,1.1277,-0.0015074931276048975,116489091.39999999
2026-02-03,1.132,1.145,1.145,1.128,538553.0,1.1435,0.0013117621337996876,61664318.50000001
2026-02-04,1.151,1.167,1.168,1.146,765058.0,1.1658,0.0010293360782296368,89282268.6
2026-02-05,1.166,1.159,1.167,1.151,721484.0,1.1576,0.0012093987560470865,83619995.6
2026-02-06,1.149,1.158,1.164,1.144,740527.0,1.1575,0.00043196544276447035,85753026.6
2026-02-09,1.166,1.172,1.172,1.162,505829.0,1.1716,0.0003414134516899203,59283158.8
2026-02-10,1.176,1.176,1.178,1.169,421743.0,1.1754,0.0005104645227156368,49596976.8
2026-02-11,1.175,1.183,1.185,1.173,310195.0,1.1826,0.00033823778116004455,36696068.5
2026-02-12,1.182,1.191,1.194,1.182,716851.0,1.1897,0.0010927124485164974,85376954.10000001
2026-02-13,1.187,1.168,1.187,1.165,984193.0,1.1661,0.0016293628333761134,114953742.39999999
2026-02-24,1.177,1.2,1.201,1.177,1295848.0,1.1972,0.0023387905111926788,155501760.0
2026-02-25,1.207,1.203,1.218,1.198,646406.0,1.2036,-0.0004985044865403188,77762641.80000001
2026-02-26,1.2,1.206,1.208,1.198,638818.0,1.2055,0.00041476565740361515,77041450.8
2026-02-27,1.202,1.207,1.212,1.198,843678.0,1.2041,0.002408437837388977,101831934.60000001
2026-03-02,1.213,1.225,1.229,1.201,1065122.0,1.2233,0.0013896836426061654,130477445.00000001
2026-03-03,1.228,1.234,1.245,1.216,718500.0,1.2294,0.003741662599642037,88662900.0
2026-03-04,1.23,1.223,1.23,1.2,875066.0,1.2192,0.0031167979002624246,107020571.80000001
2026-03-05,1.226,1.224,1.236,1.217,783398.0,1.2249,-0.0007347538574578039,95887915.2
2026-03-06,1.221,1.228,1.229,1.208,989911.0,1.2269,0.000896568587496871,121561070.79999998
2026-03-09,1.226,1.222,1.237,1.218,1088904.0,1.222,0.0,133064068.80000001
2026-03-10,1.208,1.22,1.223,1.207,1156883.0,1.218,0.0016420361247948545,141139726.0
2026-03-11,1.219,1.23,1.232,1.207,761064.0,1.2296,0.0003253090435912931,93610872.0
2026-03-12,1.229,1.238,1.242,1.224,798098.0,1.2377,0.00024238506907980906,98804532.4
2026-03-13,1.238,1.231,1.247,1.228,1557754.0,1.2305,0.00040633888663155204,191759517.4
2026-03-16,1.231,1.22,1.233,1.216,817049.0,1.2189,0.0009024530314216683,99679978.0
2026-03-17,1.22,1.215,1.227,1.214,926992.0,1.2137,0.0010711048858862426,112629528.0
2026-03-18,1.211,1.213,1.215,1.2,1015690.0,1.2109,0.001734247254108423,123203197.0
2026-03-19,1.206,1.203,1.215,1.198,964417.0,1.2018,0.0009985022466301174,116019365.10000001
2026-03-20,1.198,1.192,1.204,1.19,1718387.0,1.1928,-0.0006706908115360344,204831730.4
2026-03-23,1.185,1.159,1.186,1.154,2678527.0,1.1605,-0.0012925463162430928,310441279.3
2026-03-24,1.165,1.174,1.174,1.155,815499.0,1.1738,0.0001703867779860868,95739582.6
2026-03-25,1.178,1.18,1.183,1.169,881385.0,1.1801,-8.473858147617364e-05,104003430.0
2026-03-26,1.179,1.178,1.19,1.174,821169.0,1.1765,0.0012749681257966383,96733708.19999999
2026-03-27,1.166,1.176,1.178,1.163,869553.0,1.1764,-0.0003400204012240504,102259432.8
2026-03-30,1.163,1.178,1.18,1.163,938556.0,1.1785,-0.00042426813746299086,110561896.79999998
2026-03-31,1.179,1.176,1.194,1.176,1578806.0,1.1762,-0.00017003910899504593,185667585.6
2026-04-01,1.185,1.183,1.192,1.18,2011591.0,1.1836,-0.0005069280162216527,237971215.29999998
2026-04-02,1.185,1.184,1.188,1.18,855905.0,1.1843,-0.000253314194038623,101339151.99999999
2026-04-03,1.185,1.171,1.187,1.169,795174.0,1.1713,-0.0002561256723299099,93114875.4
2026-04-07,1.174,1.173,1.175,1.167,796372.0,1.1731,-8.524422470379545e-05,93414435.60000001
2026-04-08,1.173,1.184,1.184,1.171,1867629.0,1.1828,0.001014541765302468,221127273.6
2026-04-09,1.179,1.178,1.184,1.175,1519572.0,1.1774,0.0005095974180397977,179005581.6
2026-04-10,1.181,1.18,1.184,1.175,1092798.0,1.1799,8.475294516485654e-05,128950163.99999999
2026-04-13,1.177,1.175,1.178,1.169,763875.0,1.175,0.0,89755312.5
2026-04-14,1.176,1.175,1.179,1.169,1621266.0,1.1748,0.0001702417432754011,190498755.0
2026-04-15,1.178,1.179,1.18,1.171,1004646.0,1.1773,0.0014439819926952424,118447763.4
2026-04-16,1.179,1.183,1.183,1.176,1417117.0,1.1806,0.0020328646450957777,167644941.1
2026-04-17,1.183,1.173,1.183,1.171,916366.0,1.1727,0.0002558199027884456,107489731.8
2026-04-20,1.173,1.171,1.174,1.169,1315680.0,1.1714,-0.0003414717432131953,154066128.0
2026-04-21,1.172,1.182,1.182,1.171,1573520.0,1.1802,0.0015251652262329163,185990064.0
2026-04-22,1.179,1.178,1.183,1.176,1317044.0,1.1779,8.489685032686545e-05,155147783.2
2026-04-23,1.18,1.186,1.187,1.175,1788138.0,1.1839,0.0017737984627079761,212073166.8
2026-04-24,1.186,1.183,1.186,1.178,1128630.0,1.1826,0.00033823778116004455,133516929.0
2026-04-27,1.183,1.177,1.186,1.177,1295818.0,1.177,0.0,152517778.6
2026-04-28,1.179,1.188,1.19,1.176,1967325.0,1.1892,-0.0010090817356206427,233718210.0
2026-04-29,1.193,1.199,1.202,1.189,2310335.0,1.1997,-0.000583479203134063,277009166.5
2026-04-30,1.201,1.194,1.204,1.192,1474531.0,1.1929,0.0009221225584707948,176059001.4
2026-05-06,1.194,1.19,1.194,1.179,2934012.0,1.1898,0.00016809547823171123,349147428.0
2026-05-07,1.189,1.177,1.189,1.176,2671950.0,1.177,0.0,314488515.0
2026-05-08,1.178,1.174,1.179,1.171,947349.0,1.1729,0.0009378463637137457,111218772.60000001
2026-05-11,1.173,1.178,1.184,1.17,2635633.0,1.1773,0.0005945808205214398,310477567.4
2026-05-12,1.179,1.171,1.18,1.17,1453042.0,1.1716,-0.0005121201775349915,170151218.2
2026-05-13,1.169,1.173,1.176,1.168,1004999.0,1.1727,0.0002558199027884456,117886382.7
2026-05-14,1.172,1.169,1.178,1.169,1751460.0,1.169,0.0,204745674.0
2026-05-15,1.17,1.166,1.177,1.15,1568244.0,1.1686,-0.0022248844771523,182857250.4
2026-05-18,1.164,1.161,1.171,1.156,1321117.0,1.1617,-0.000602565206163308,153381683.70000002
2026-05-19,1.157,1.164,1.166,1.157,1667496.0,1.1629,0.000945911084357931,194096534.39999998
2026-05-20,1.162,1.156,1.162,1.152,1129160.0,1.157,-0.0008643042350908736,130530896.0
2026-05-21,1.157,1.143,1.161,1.142,1415734.0,1.1416,0.0012263489838824082,161818396.20000002
2026-05-22,1.143,1.14,1.146,1.134,1666695.0,1.1398,0.00017546938059309625,190003229.99999997
2026-05-25,1.139,1.14,1.147,1.136,1683440.0,1.1378,0.0019335559852347028,191912160.0
2026-05-26,1.14,1.144,1.144,1.135,1225131.0,1.1436,0.000349772647778801,140154986.39999998
2026-05-27,1.144,1.137,1.145,1.127,2566724.0,1.1374,-0.0003516792685070991,291836518.8
2026-05-28,1.135,1.133,1.139,1.129,3476401.0,1.1311,0.0016797807444079993,393876233.3
2026-05-29,1.132,1.152,1.154,1.128,4391870.0,1.1507,0.0011297471104543266,505943423.99999994
2026-06-01,1.152,1.16,1.162,1.145,2632869.0,1.1598,0.00017244352474565794,305412803.99999994
2026-06-02,1.161,1.161,1.164,1.153,2941269.0,1.1594,0.0013800241504227095,341481330.9
2026-06-03,1.154,1.157,1.16,1.148,2166812.0,1.157,0.0,250700148.4
2026-06-04,1.157,1.146,1.157,1.143,1208292.0,1.1469,-0.0007847240387132137,138470263.2
2026-06-05,1.145,1.143,1.16,1.14,1288481.0,1.1422,0.0007004027315706818,147273378.3
2026-06-08,1.135,1.138,1.145,1.133,2555482.0,1.138,0.0,290813851.59999996
2026-06-09,1.138,1.132,1.138,1.127,2492972.0,1.1328,-0.0007062146892656829,282204430.4
2026-06-10,1.132,1.132,1.135,1.121,2409795.0,1.1335,-0.0013233348037053894,272788794.0
2026-06-11,1.132,1.136,1.137,1.128,5393930.0,1.136,0.0,612750448.0
2026-06-12,1.136,1.143,1.144,1.128,1795471.0,1.1419,0.0009633067694194697,205222335.3
2026-06-15,1.143,1.133,1.144,1.128,6800018.0,1.1315,0.001325673884224443,770442039.4
2026-06-16,1.131,1.11,1.132,1.106,4667254.0,1.1106,-0.0005402485143165547,518065194.00000006
2026-06-17,1.11,1.1,1.11,1.096,4987905.0,1.1025,-0.0022675736961450532,548669550.0
2026-06-18,1.099,1.08,1.099,1.074,2233052.0,1.0788,0.0011123470522804713,241169616.0
2026-06-22,1.077,1.094,1.097,1.068,2230802.0,1.0944,-0.0003654970760234022,244049738.8
2026-06-23,1.094,1.082,1.107,1.079,2597215.0,1.0808,0.0011102886750555818,281018663.00000006
2026-06-24,1.078,1.065,1.082,1.064,2319009.0,1.0664,-0.0013128282070518082,246974458.5
2026-06-25,1.06,1.057,1.071,1.055,2253144.0,1.0583,-0.0012283851459888862,238157320.79999995
2026-06-26,1.06,1.042,1.06,1.038,3048626.0,1.0405,0.0014416146083613413,317666829.2
2026-06-29,1.04,1.055,1.057,1.028,3785951.0,1.056,-0.0009469696969698349,399417830.5
2026-06-30,1.055,1.033,1.055,1.028,4065094.0,1.0341,-0.001063726912290952,419924210.2
2026-07-01,1.029,1.047,1.051,1.024,3694185.0,1.0482,-0.0011448196908987462,386781169.5
2026-07-02,1.049,1.06,1.065,1.048,2636179.0,1.0594,0.0005663583160280261,279434974.0
2026-07-03,1.063,1.07,1.075,1.06,2516799.0,1.0682,0.00168507770080506,269297493.0
2026-07-06,1.07,1.085,1.088,1.064,3312315.0,1.0851,-9.215740484747048e-05,359386177.5
2026-07-07,1.088,1.069,1.088,1.066,1525309.0,1.0685,0.0004679457182965585,163055532.1
2026-07-08,1.069,1.073,1.08,1.062,1694642.0,1.0721,0.0008394739296706533,181835086.6
2026-07-09,1.069,1.061,1.069,1.055,1551739.0,1.0601,0.0008489765116497239,164639507.89999998
2026-07-10,1.057,1.069,1.074,1.05,1393775.0,1.0683,0.0006552466535616475,148994547.5
2026-07-13,1.069,1.074,1.075,1.064,1928795.0,1.0732,0.0007454342154307181,207152583.0
2026-07-14,1.073,1.093,1.093,1.072,1763279.0,1.0918,0.0010991023997066751,192726394.7
2026-07-15,1.088,1.111,1.112,1.083,3118326.0,1.1096,0.0012617159336698602,346446018.59999996
2026-07-16,1.11,1.101,1.118,1.1,2310652.0,1.1024,-0.0012699564586358125,254402785.2
2026-07-17,1.099,1.101,1.112,1.095,2804355.0,1.1008,0.0001816860465115866,308759485.5
2026-07-20,1.1,1.134,1.134,1.098,3268138.0,1.1322,0.0015898251192367763,370606849.2
2026-07-21,1.131,1.125,1.145,1.121,2244223.0,1.1254,-0.0003554291807357224,252475087.5
2026-07-22,1.12,1.134,1.134,1.113,2624695.0,1.134,0.0,297640413.0
2026-07-23,1.128,1.146,1.147,1.127,2083301.0,1.1449,0.0009607826011004406,238746294.6
2026-07-24,1.146,1.132,1.148,1.128,5072473.0,1.1308,0.0010611956137247525,574203943.6
2026-07-27,1.124,1.132,1.135,1.121,3822792.0,1.1327,-0.0006179924075220278,432740054.4
2026-07-28,1.131,1.142,1.145,1.125,2807251.0,1.1428,-0.0007000350017501988,320588064.1999999
2026-07-29,1.14,1.157,1.163,1.14,2720019.0,1.1595,-0.0021561017680034045,314706198.3
2026-07-30,1.16,1.18,1.18,1.158,2770030.0,1.1791,0.0007632940378252684,326863540.0
2026-07-31,1.155,1.172,1.175,1.154,3228349.0,1.1714,0.0005122076148198484,378362502.8
2026-08-03,1.17,1.17,1.178,1.166,2206975.0,1.1692,0.0006842285323296338,258216075.0
2026-08-04,1.17,1.149,1.17,1.148,3414683.0,1.1506,-0.0013905788284374054,392347076.7
2026-08-05,1.149,1.146,1.151,1.138,2320117.0,1.1462,-0.00017448961786792339,265885408.2
2026-08-06,1.146,1.145,1.152,1.135,3115625.0,1.1474,-0.002091685549938993,356739062.5
2026-08-07,1.146,1.138,1.148,1.135,3724294.0,1.1405,-0.0021920210434022147,423824657.2
2026-08-10,1.138,1.151,1.157,1.137,2529275.0,1.1542,-0.0027724831051809673,291119552.5
2026-08-11,1.153,1.148,1.164,1.148,2454722.0,1.1498,-0.0015654896503739524,281802085.59999996
2026-08-12,1.149,1.146,1.15,1.143,1995060.0,1.1464,-0.0003489183531055762,228633875.99999997
2026-08-13,1.145,1.14,1.145,1.136,2367428.0,1.1381,0.0016694490818029983,269886792.0
2026-08-14,1.139,1.133,1.139,1.131,1817409.0,1.1333,-0.0002647136680490325,205912439.70000002
2026-08-17,1.133,1.135,1.137,1.126,1919833.0,1.1353,-0.0002642473355060071,217901045.5
2026-08-18,1.134,1.141,1.142,1.133,2003612.0,1.1407,0.0002629964057156986,228612129.2
2026-08-19,1.141,1.15,1.15,1.14,2524784.0,1.1479,0.0018294276504922102,290350159.99999994
2026-08-20,1.149,1.151,1.156,1.144,2152142.0,1.1495,0.001304915180513344,247711544.20000002
2026-08-21,1.149,1.143,1.15,1.141,2150614.0,1.1428,0.00017500875043752195,245815180.20000002
2026-08-24,1.141,1.154,1.156,1.14,2490226.0,1.153,0.0008673026886383273,287372080.4
2026-08-25,1.155,1.153,1.159,1.151,2574753.0,1.1535,-0.00043346337234495547,296869020.90000004
2026-08-26,1.153,1.158,1.163,1.149,2558619.0,1.1597,-0.0014658963525049362,296288080.2
2026-08-27,1.156,1.158,1.161,1.148,2382438.0,1.1583,-0.0002590002590003859,275886320.4
2026-08-28,1.157,1.158,1.159,1.147,2735013.0,1.1579,8.636324380351112e-05,316714505.4
2026-08-31,1.157,1.16,1.161,1.151,2740603.0,1.1595,0.00043122035360054767,317909948.0
2026-09-01,1.157,1.168,1.173,1.156,2441074.0,1.1679,8.562376915821623e-05,285117443.2
2026-09-02,1.168,1.154,1.17,1.154,2772722.0,1.1559,-0.0016437408080284266,319972118.79999995
2026-09-03,1.155,1.159,1.17,1.154,2115777.0,1.1604,-0.0012064805239573317,245218554.3
2026-09-04,1.16,1.167,1.173,1.16,2063964.0,1.1674,-0.00034264176803144863,240864598.79999998
2026-09-07,1.17,1.158,1.17,1.154,1673487.0,1.1569,0.0009508168381016091,193789794.59999996
2026-09-08,1.159,1.163,1.163,1.154,6385351.0,1.1613,0.0014638766899164324,742616321.3000001
2026-09-09,1.162,1.17,1.172,1.156,3238377.0,1.1687,0.0011123470522802492,378890109.0
2026-09-10,1.17,1.166,1.172,1.163,4090511.0,1.1653,0.0006007036814552613,476953582.59999996
2026-09-11,1.164,1.152,1.164,1.147,2380252.0,1.1559,-0.0033739942901634956,274205030.4
2026-09-14,1.154,1.154,1.158,1.15,2459943.0,1.155,-0.0008658008658010141,283877422.2
2026-09-15,1.154,1.141,1.155,1.141,3771359.0,1.1417,-0.0006131207847945852,430312061.9
2026-09-16,1.141,1.138,1.141,1.123,4071919.0,1.1375,0.0004395604395603936,463384382.2
2026-09-17,1.134,1.128,1.135,1.127,2596272.0,1.1299,-0.0016815647402425027,292859481.59999996
2026-09-18,1.127,1.133,1.137,1.127,1638398.0,1.1329,8.826904404624081e-05,185630493.4
2026-09-21,1.13,1.13,1.132,1.125,1989406.0,1.1283,0.0015066914827615019,224802877.99999997
2026-09-22,1.128,1.129,1.132,1.124,1783712.0,1.1302,-0.0010617589807114802,201381084.8
2026-09-23,1.129,1.123,1.131,1.122,1841252.0,1.1226,0.0003563156957062663,206772599.6
2026-09-24,1.123,1.121,1.127,1.118,2147467.0,1.1195,0.0013398838767306742,240731050.70000002
2026-09-28,1.121,1.116,1.122,1.111,3463061.0,1.1159,8.961376467442328e-05,386477607.6
2026-09-29,1.116,1.122,1.123,1.11,2335218.0,1.1193,0.002412221924417146,262011459.60000002
2026-09-30,1.12,1.133,1.136,1.119,1838561.0,1.1334,-0.00035292041644607863,208308961.3
