date,y
2025-06-30,1.0
2025-07-03,1.0008
2025-07-04,1.0032
2025-07-07,1.002
2025-07-08,1.0055
2025-07-09,1.0037
2025-07-10,1.0119
2025-07-11,1.0108
2025-07-14,1.0166
2025-07-15,1.0121
2025-07-16,1.0104
2025-07-17,1.0101
2025-07-18,1.0157
2025-07-21,1.0259
2025-07-22,1.0372
2025-07-23,1.0323
2025-07-24,1.0325
2025-07-25,1.0257
2025-07-28,1.0199
2025-07-29,1.0161
2025-07-30,1.0233
2025-07-31,1.0025
2025-08-01,1.0033
2025-08-04,1.0081
2025-08-05,1.0175
2025-08-06,1.0188
2025-08-07,1.0187
2025-08-08,1.0238
2025-08-11,1.0213
2025-08-12,1.0262
2025-08-13,1.0256
2025-08-14,1.02
2025-08-15,1.0256
2025-08-18,1.0238
2025-08-19,1.0232
2025-08-20,1.0326
2025-08-21,1.0361
2025-08-22,1.0352
2025-08-25,1.0526
2025-08-26,1.0583
2025-08-27,1.0352
2025-08-28,1.0385
2025-08-29,1.0341
2025-09-01,1.0309
2025-09-02,1.0383
2025-09-03,1.0307
2025-09-04,1.0237
2025-09-05,1.0329
2025-09-08,1.0371
2025-09-09,1.0398
2025-09-10,1.0348
2025-09-11,1.0426
2025-09-12,1.035
2025-09-15,1.0301
2025-09-16,1.0241
2025-09-17,1.0296
2025-09-18,1.0109
2025-09-19,1.0151
2025-09-22,1.0057
2025-09-23,1.0067
2025-09-24,1.0123
2025-09-25,1.0061
2025-09-26,1.0083
2025-09-29,1.0141
2025-09-30,1.0127
2025-10-09,1.0284
2025-10-10,1.0292
2025-10-13,1.0224
2025-10-14,1.0309
2025-10-15,1.0392
2025-10-16,1.0405
2025-10-17,1.0286
2025-10-20,1.0327
2025-10-21,1.0393
2025-10-22,1.0445
2025-10-23,1.0548
2025-10-24,1.0518
2025-10-27,1.0574
2025-10-28,1.0513
2025-10-29,1.058
2025-10-30,1.0605
2025-10-31,1.064
2025-11-03,1.0736
2025-11-04,1.0731
2025-11-05,1.0773
2025-11-06,1.0988
2025-11-07,1.1043
2025-11-10,1.1192
2025-11-11,1.1161
2025-11-12,1.1217
2025-11-13,1.1268
2025-11-14,1.1134
2025-11-17,1.1058
2025-11-18,1.0919
2025-11-19,1.0973
2025-11-20,1.0951
2025-11-21,1.0759
2025-11-24,1.0706
2025-11-25,1.0789
2025-11-26,1.0797
2025-11-27,1.0829
2025-11-28,1.0838
2025-12-01,1.0946
2025-12-02,1.0935
2025-12-03,1.097
2025-12-04,1.0945
2025-12-05,1.1037
2025-12-08,1.097
2025-12-09,1.0795
2025-12-10,1.0797
2025-12-11,1.0751
2025-12-12,1.0796
2025-12-15,1.0804
2025-12-16,1.071
2025-12-17,1.0795
2025-12-18,1.085
2025-12-19,1.0872
2025-12-22,1.0873
2025-12-23,1.0898
2025-12-24,1.0885
2025-12-25,1.0879
2025-12-26,1.0963
2025-12-29,1.0949
2025-12-30,1.1009
2025-12-31,1.099
2026-01-05,1.1043
2026-01-06,1.1225
2026-01-07,1.1192
2026-01-08,1.1113
2026-01-09,1.1188
2026-01-12,1.1198
2026-01-13,1.1207
2026-01-14,1.1151
2026-01-15,1.1202
2026-01-16,1.1129
2026-01-19,1.1277
2026-01-20,1.1387
2026-01-21,1.1383
2026-01-22,1.1431
2026-01-23,1.1439
2026-01-26,1.1572
2026-01-27,1.1479
2026-01-28,1.1658
2026-01-29,1.1837
2026-01-30,1.167
2026-02-02,1.1277
2026-02-03,1.1435
2026-02-04,1.1658
2026-02-05,1.1576
2026-02-06,1.1575
2026-02-09,1.1716
2026-02-10,1.1754
2026-02-11,1.1826
2026-02-12,1.1897
2026-02-13,1.1661
2026-02-24,1.1972
2026-02-25,1.2036
2026-02-26,1.2055
2026-02-27,1.2041
2026-03-02,1.2233
2026-03-03,1.2294
2026-03-04,1.2192
2026-03-05,1.2249
2026-03-06,1.2269
2026-03-09,1.222
2026-03-10,1.218
2026-03-11,1.2296
2026-03-12,1.2377
2026-03-13,1.2305
2026-03-16,1.2189
2026-03-17,1.2137
2026-03-18,1.2109
2026-03-19,1.2018
2026-03-20,1.1928
2026-03-23,1.1605
2026-03-24,1.1738
2026-03-25,1.1801
2026-03-26,1.1765
2026-03-27,1.1764
2026-03-30,1.1785
2026-03-31,1.1762
2026-04-01,1.1836
2026-04-02,1.1843
2026-04-03,1.1713
2026-04-07,1.1731
2026-04-08,1.1828
2026-04-09,1.1774
2026-04-10,1.1799
2026-04-13,1.175
2026-04-14,1.1748
2026-04-15,1.1773
2026-04-16,1.1806
2026-04-17,1.1727
2026-04-20,1.1714
2026-04-21,1.1802
2026-04-22,1.1779
2026-04-23,1.1839
2026-04-24,1.1826
2026-04-27,1.177
2026-04-28,1.1892
2026-04-29,1.1997
2026-04-30,1.1929
2026-05-06,1.1898
2026-05-07,1.177
2026-05-08,1.1729
2026-05-11,1.1773
2026-05-12,1.1716
2026-05-13,1.1727
2026-05-14,1.169
2026-05-15,1.1686
2026-05-18,1.1617
2026-05-19,1.1629
2026-05-20,1.157
2026-05-21,1.1416
2026-05-22,1.1398
2026-05-25,1.1378
2026-05-26,1.1436
2026-05-27,1.1374
2026-05-28,1.1311
2026-05-29,1.1507
2026-06-01,1.1598
2026-06-02,1.1594
2026-06-03,1.157
2026-06-04,1.1469
2026-06-05,1.1422
2026-06-08,1.138
2026-06-09,1.1328
2026-06-10,1.1335
2026-06-11,1.136
2026-06-12,1.1419
2026-06-15,1.1315
2026-06-16,1.1106
2026-06-17,1.1025
2026-06-18,1.0788
2026-06-22,1.0944
2026-06-23,1.0808
2026-06-24,1.0664
2026-06-25,1.0583
2026-06-26,1.0405
2026-06-29,1.056
2026-06-30,1.0341
2026-07-01,1.0482
2026-07-02,1.0594
2026-07-03,1.0682
2026-07-06,1.0851
2026-07-07,1.0685
2026-07-08,1.0721
2026-07-09,1.0601
2026-07-10,1.0683
2026-07-13,1.0732
2026-07-14,1.0918
2026-07-15,1.1096
2026-07-16,1.1024
2026-07-17,1.1008
2026-07-20,1.1322
2026-07-21,1.1254
2026-07-22,1.134
2026-07-23,1.1449
2026-07-24,1.1308
2026-07-27,1.1327
2026-07-28,1.1428
2026-07-29,1.1595
2026-07-30,1.1791
2026-07-31,1.1714
2026-08-03,1.1692
2026-08-04,1.1506
2026-08-05,1.1462
2026-08-06,1.1474
2026-08-07,1.1405
2026-08-10,1.1542
2026-08-11,1.1498
2026-08-12,1.1464
2026-08-13,1.1381
2026-08-14,1.1333
2026-08-17,1.1353
2026-08-18,1.1407
2026-08-19,1.1479
2026-08-20,1.1495
2026-08-21,1.1428
2026-08-24,1.153
2026-08-25,1.1535
2026-08-26,1.1597
2026-08-27,1.1583
2026-08-28,1.1579
2026-08-31,1.1595
2026-09-01,1.1679
2026-09-02,1.1559
2026-09-03,1.1604
2026-09-04,1.1674
2026-09-07,1.1569
2026-09-08,1.1613
2026-09-09,1.1687
2026-09-10,1.1653
2026-09-11,1.1559
2026-09-14,1.155
2026-09-15,1.1417
2026-09-16,1.1375
2026-09-17,1.1299
2026-09-18,1.1329
2026-09-21,1.1283
2026-09-22,1.1302
2026-09-23,1.1226
2026-09-24,1.1195
2026-09-28,1.1159
2026-09-29,1.1193
2026-09-30,1.1334
