source_id,path,bytes,sha256
S01,raw/gz_pdf.pdf,1471841,978e6efddb76d6ebb1535f26a77d4192c67d150dcd5a8b3fce75a70cf3f1ec87
S01,raw/gz_pdf.txt,3319,85b4ca481499d8d550828e48d2b445e7d6886feed12f1e8c3574f3e4d6a77d58
S02,raw/intro2.json,613,a536e5335c6a2ec68e97857c5819f4f54731c0d03687ad5a709766f9474b2e73
S02,raw/intro3.txt,613,a536e5335c6a2ec68e97857c5819f4f54731c0d03687ad5a709766f9474b2e73
S02,raw/metadata2.txt,381,0913beb6126f11e4a3f43aade1a4e592a28259b79158adbe45996708b8b6b7e3
S03,raw/list.txt,915698,7ae5993cb789711857f630d54d2d01251cc4254a6e97e735b6492048f119dfc9
S04,raw/samples.bin,8097,9b90c8da5c13ac65fa8ad21e003d3d4190fed1ddf2bf2e8fd8679d5e7a573017
S05,raw/histo.txt,281591,169a6e9de534a0b7da9069507b7f128b265f2a9890bdf38600b35f7e1eb571f5
S06,raw/history_480081.json,282089,8d09675d7f972578aced0f0744a19572ef811cb8ff8c1e0121f304e4e063c10d
S07,raw/csi_H00300.json,1189864,cbe24bc22b286084505a8402f7c579bb794cf04887f5d0a9a87fdc4658432d7c
S07,raw/csi_H00985.json,1284941,fa8d545ba5045a3ed00f2fa43b76e0c1111c1a816cd915ccf8512fc25c94acea
S07,raw/csi_H00919.json,1239309,421815899afd190f803ae9e19704e9c7cc47b85f6bc4e7aa16f2f5a3dae9b2cc
S07,raw/csi_H00922.json,1231798,3a91220c3962cc889f0325ff572f2f41bf5a9d73e71db26ec5bce701787ac010
S07,raw/csi_H20269.json,1387462,dc01f5da461b2fb1fbd355471a40ccec1ccdc2ea843aed0b384217e9c3ca25aa
S07,raw/csi_qtri.txt,1317446,c1f2e38e72838fd5a24e51285924632ef66c952852be0879f6691bb0598f5ac1
S07,raw/csi_000300_full.txt,1121699,68660200e6d38f79d66b98c0d071e9dd950fa5eb0cbb639b64175e3fbdff7f4a
S07,raw/csi_000985.json,1195258,48f7484d1e34919ab5cdc0962d4e02e68e4b72ae53aa92f7252508f457fa1344
S07,raw/csi_000919.json,1177995,3e9651bc2ccbf38ba01a8ecb583a9d220deaf802f05bebb23ed2e0b9726dd2da
S07,raw/csi_000922.json,1169864,38b58bf2013b5f8bd7bbeaa31f7c7c06bab3676dd51c8c0504c4e8ffa54df464
S07,raw/csi_H30269.json,1298502,00d79c04b0c55084774714f626fe5c488018129d98537547164d1a87f301352a
S07,raw/csi_931468.json,1215899,fbae7458dc8cfe53976f5c41d729b54fa020877ecaa46ed1830ebb085942b787
S08,raw/funds.txt,5366,91bbb719e5845ad757e91c632651c50cef7cef8c3c3195835e03a9474cd0104b
S09,raw/efunds_html.txt,490618,5a8be58cb92fe7528d5d64d690c945d2c0c0b1960a52ad12a9ceafb2e22bcf13
S09,raw/efunds.md,43397,440abdcf3e219d9241e138cf23b739a804612f482b2076b22ea2a4ea75e91485
S10,raw/half_report.pdf,1729586,4f96412f44531a570f8cbde27736a26e6540c573ec3da27cea9e440afef70fa0
S10,raw/half_report.txt,162396,2a7daa479879bd8bc9069edffd9e3519beefadff97f85768fc716aec3717a79a
S11,raw/prospectus.pdf,1123006,d94191e705c0615b3b15adc0574f4245632a0eac949122e49e75c42954b9ef15
S11,raw/prospectus.txt,303351,892b0cd0e88a8db31b727f546b0d3270f12e8eeb965330153f8e98e17b4922a5
S12,raw/linkpros.pdf,1107675,9f4707dd660f1b1a785ddc37a7bb4785ceeb3c5e8bda55ef5a614b54b03720e9
S12,raw/linkpros.txt,312825,ade04b40b9f452eac45865dcc21ee3c5376305a72931314b2e7a3417a44b2724
S12,raw/linkA.txt,334542,85c1052c1f962e180a5cca6b840b3399d4d0ed99ce714b57331a0644ae9f14bd
S12,raw/linkC.txt,333566,19b5b20b54f8872ba1a11b8b0dee38eac8eccb40a879ac25c43bcb2eb81c5853
S13,raw/fundnav.txt,60583,77438d165a67e9bb054b6cb99eb4958fbd74b87f1040615cb3311cf6f69f6933
S14,raw/tencent_price.txt,19945,518aa9e54d833e35916ad04e1b1013a8cf3887f72afc4f1884e24e19da25a7e5
S14,raw/quote_etf.txt,511,aaf57b3de3e1ff64d61084d487257e54256996515790ce9ec73a0100c14c34e5
S15,raw/000919_rule.pdf,1129747,9e3c1d6ecbedec58eed07757c7621dfb0111a381833a45df896bf3671353918c
S15,raw/000919_rule.txt,3073,669a7c452f2b0ee4ca77c55980086854cfaf1273724b4727d83b520130845c12
S15,raw/000919_fact.pdf,447804,4fe4dac023e91fb397bf474339ef6ff967066cd425ee31270c0233afa4673e17
S15,raw/000919_fact.txt,5772,6af832b8c03beaa4164588ad684c33b6aee4838af848d5f81dfa82a43d892d2d
S16,raw/000922_rule.pdf,1137267,6b8053f02ca87a0e32f79075fbe1ca107b5b952c4ca5bd4afb5b8ff4666f4991
S16,raw/000922_rule.txt,3232,35d9b2a789acab0e1a73e6097be620e5b0fbd62af3d443f77e86c85aa5c5b634
S16,raw/000922_fact.pdf,448515,be719ab362df3fe3264fef6fdb9338ab56f515f8f29ef0073abb0490d8d3237d
S16,raw/000922_fact.txt,5811,a04636b405c1dcf1e27b231e619d7f8f342d46f8913b70e47fad18c1a7ca8c80
S17,raw/H30269_rule.pdf,343724,9bc76f010ba39d87cabf6358cf53c791b6875b82aac0a048f1c2ea74f875c0c8
S17,raw/H30269_rule.txt,3574,62d025acff778a67287aab8bb22838c1eedbbc2b1b2479f0abd607b142fcc4ba
S17,raw/H30269_fact.pdf,449938,f708a9862e778fc4715f52d45aca92453b56d1bc14e634b497a111f05b695687
S17,raw/H30269_fact.txt,5718,beb0554601a0c5e177d50661557ab43a36cc024c1c23e80da0c3e55fd1c7767f
S18,raw/q_method.pdf,411356,6f2e7b4510242e2b0550da5d5d2eef388faf3a0a5c6bd8e00ad981fa0afad8ae
S18,raw/q_method.txt,3443,ac951a7f86882386602893b1fa082792acf31e5d5336dc40cc0f5c38ac680089
S18,raw/931468_fact.pdf,457094,ddd2f597645cf9600a0a0ce768a415f810a3491656f6b5b2a83130ab0fad0101
S18,raw/931468_fact.txt,5450,2e24a97e7bbbbd8182a8e1960421b6cd5e601c47c0a86619267703b1d9874bc2
S19,raw/fcf_rule2.pdf,1462214,b593897666e4241015b1daebd057ceb1c01f8f5b42c837d9de13d26a96175024
S19,raw/fcf_rule2.txt,3369,9ff7fa510e34b7efc29d2741bc2ae5c36a4c39709a94a543fc1280389cf987a0
S19,raw/fcf_intro.json,685,cf1d8476c074b59b4d3cdf51b7b2c23e43377084f5771e4d65e5fcfdee4c496c
S19,raw/fcf_cons.bin,8103,a923c9b144f6c6e46d7c312c5ec1fc28695d3a2f128f48379e64f02add82b481
S19,raw/history_980092.json,337220,dc995bc03601706915891effbb6f28beed2ee3f2377cd48d8fd1ab07aa121690
S19,raw/history_480092.json,337597,1cc3199459b5b9725933580b9cd169735d60bc3d37567b70bcf4a67769566d0e
S20,raw/msci_v.pdf,154323,491d6bdaa7ced12c6bdd8e9c834090f94044029c0c02b8d4590f4eac386c419a
S20,raw/msci_v.txt,18388,b5421741252cc483e6e0ebbc69a4ca6c49b374672b99854dde38db551c318600
S21,raw/msci_qnet.pdf,155175,4953981e88c5a976c77fae74b1b9cb3204ac0a5636c18ebc1c50a2591bd38676
S21,raw/msci_qnet.txt,18721,e2e026ed862f3a992fd5b9782e03da399a954e903d39b39ec7269bc1078634ab
S22,raw/spv.txt,1223363,9372a879c3548347423f4945285797b1e61f28db2f95b954f49f6a54bcd4c59d
S22,raw/spv_plain.txt,14931,db89cb0a9dad0d87a6508a4ea338ce847937d0aaaab98d0378480b9be6191740
S23,raw/sp_style_method.pdf,1106939,2f0efe62214cb08713652420ee6fe9180472cac918ebcca3d06dc333352a4c3a
S23,raw/sp_style_method.txt,87443,a458aed96a3a8d7c61376d48ec439174a674c7dc9c1bf5fd1dd2b4f413756f7a
S24,raw/russell_method.pdf,525252,26d2d051beb27a6a808af7c17a2e2871cc5388e669bedbb42cbc4d0d3ce47c76
S24,raw/russell_method.txt,151317,07715dd4001bea8d4c74db42f44d3e7243394935f2b35575076047a5deba76f3
S25,raw/iwd.txt,1742655,d3a7b52094380ef94bc330c6bf6512ff77edcbc44d4f914542a55dda29f011ee
S25,raw/iwd_plain.txt,24863,075d2636858d261799fdb73aef11b339153253933f4fe7b2d24d28e754ed795c
S26,raw/ive.txt,1745620,e372ff67529b936d87dc152f34f56086230fdd6d2113039ee1ae3f60f6f61131
S26,raw/ive_plain.txt,24994,8bd2cd2948b48188277e62652fa11b8f2295631f3a1bd009de466b74fa47f921
S27,raw/schd.txt,823205,90ca5bfd4f653e5cb258f74d145a0661334e564cb8eb2032a08b9315127503ee
S27,raw/schd_plain.txt,33080,8652c614462f3499cd94ed6e55ad3fd73d44d1a960c85c6d0e1ed45da171120a
S28,raw/dj_method.pdf,3190718,ed232c922a1c0fcb92e834b9cfd533761deeffdfc44919746312527db9573e15
S28,raw/dj_method.txt,268052,5c2d80a830581a63d796effd94893a0ba417e83e776130e7cd35a38a0cf02a0b
S29,raw/ivv.txt,2927317,b6b389b832158035769514edb3fc0cbed138de40a1936cbfaf2041629b364f06
S29,raw/ivv_plain.txt,25703,9cafdce15cce5522c1cf0671321186fe8e5bdcd75178d6b9fb18a8235aba48cd
S30,raw/fed_fx.txt,1128155,97097e8fb2b40621bbe92d1a15698f1d467bb90352074cb9908b0337ef8cf0c8
S31,raw/hisense_report.pdf,1194146,69a250dfe805d0f50627150ed20e5450296224aba3c2e613e147cde6f9f286ea
S31,raw/hisense_report.txt,532822,73ec5620f3e901a3fd4cd5854e4aa13d29dba695deee151ae63ca0ec8d92b4c0
S32,raw/robam_report.pdf,859079,0f9a1e1d2cbccfd548fdbaed2d5a2ae3cc89fec4342b4efeca629626ef1f6ed7
S32,raw/robam_report.txt,407606,a19e35dbb0b92f826648cc3cdf77889db6ae7a037c2f684866516d8aa4958f58
S33,raw/gree_filing.txt,778586,e725cc3d048460b72fe46e91c803e88f38d2ccba4741f91253f06275d7209101
S33,raw/gree_filing_plain.txt,380441,6a2e51a4df32b960619e89206d4aa3b6df5fea8e2b210f264751b8298230c04c
S34,raw/saic_data.txt,7023,a8835752546234335b0cc4c1f34265ee97d42c6c2327cb0d1c75849fc2af9ea1
S34,raw/saic_data_plain.txt,977,c831f848976f70999453d6a7d0a1d76aaab23893e0eacd8a3f13d428e1fb9415
S35,raw/saic_filing.txt,678779,9694c17f725e716eaefbf351d5b84706fa7c392c619a7118e3a6e1e108832195
S35,raw/saic_filing_plain.txt,344187,a983b80a37dfa75dfff25aee9728a5f6bd605c2e79c19d12871737f1a13085f4
S36,raw/cib_news.txt,11461,13d03607b133d8685554fcdf8236fddcbedc121ed43d597c3fb25e20da24c416
S36,raw/cib_news_plain.txt,7817,a36c03257e76a5378a86018b9696dbb2ed5294cac41cd1cd7cf7cc129af8f662
S37,raw/growth_cons2.bin,8042,c20f1c3d02b92f687f1bf9c8313ded4d6402422a2060ed59157f16769166d788
S38,raw/csi300cons3.bin,67072,0f9fde0e470ba81bddd0d3e6db05269e1b5077aca778879f3833d04e027fa25d
S38,raw/csi_fact.pdf,454479,8653755655ded0148202f0e43a20d36e9beaa1682a09b0c8e6d84f321f13c056
S38,raw/csi_fact.txt,5649,54fdb0b4d1f2cc8128d7ab4e0d1bb9e89e5cdeadfc03791a2206de2910d370c2
S38,raw/000985_fact.pdf,461410,bade84f8672123fd901138eb59563f7af07a179c6b085c3d67b480cdb52d69e3
S38,raw/000985_fact.txt,5943,64c4fa3c4672c1cbcd75d5e6e00a6ce77ac8a323f335a2fb86101906660bad7b
S39,raw/ff_library.txt,245732,9af7df28fb25d32d7ab81e1b6eaddebb167f57cc013cb437c85c154727ce9065
S40,raw/derivatives.txt,152,f7bf657a4ab0027aed2fdb20bbc240db2849c1789266bc68ccec9c420236857c
S41,raw/old_rule.pdf,402580,03d3e6c4cbbcc8f593b4fe4ce7697c97bc7017620cf2b4b0fc92d7da5dfd12ad
S41,raw/old_rule.txt,1789,c607fa0703545971b8271397e0c0fdb0ffa35570efa4bd4bc9184b80e60b58e5
