日期,样本代码,样本简称,所属行业,总市值(亿元),权重（%）
2026-09-30,000957,中通客车,可选消费,58.46,0.24
2026-09-30,000959,首钢股份,原材料,272.2,0.91
2026-09-30,002004,华邦健康,原材料,85.93,0.24
2026-09-30,002039,黔源电力,公用事业,83.54,0.31
2026-09-30,002043,兔 宝 宝,原材料,99.74,0.15
2026-09-30,002061,浙江交科,工业,88.55,0.23
2026-09-30,002081,金 螳 螂,工业,126.66,0.07
2026-09-30,002454,松芝股份,可选消费,49.32,0.08
2026-09-30,002478,常宝股份,原材料,56.57,0.08
2026-09-30,000400,许继电气,工业,220.11,0.3
2026-09-30,002375,亚厦股份,工业,52.53,0.07
2026-09-30,000597,东北制药,医药卫生,67.92,0.16
2026-09-30,000650,仁和药业,医药卫生,73.36,0.12
2026-09-30,000651,格力电器,可选消费,2144.22,6.06
2026-09-30,000690,宝新能源,公用事业,113.36,0.22
2026-09-30,000708,中信特钢,原材料,661.68,2.16
2026-09-30,002416,爱施德,可选消费,111.29,0.23
2026-09-30,002170,芭田股份,原材料,102.74,0.19
2026-09-30,000915,华特达因,医药卫生,55.84,0.16
2026-09-30,000933,神火股份,原材料,589.69,1.48
2026-09-30,603233,大参林,医药卫生,207.28,0.59
2026-09-30,600686,金龙汽车,可选消费,80.67,0.15
2026-09-30,600729,重百集团,可选消费,81.22,0.26
2026-09-30,600741,华域汽车,可选消费,484.89,1.09
2026-09-30,300228,富瑞特装,工业,38.59,0.08
2026-09-30,600004,白云机场,工业,199.99,0.28
2026-09-30,600033,福建高速,工业,100.72,0.31
2026-09-30,002697,红旗连锁,主要消费,64.33,0.16
2026-09-30,600057,厦门象屿,工业,173.46,1.43
2026-09-30,600060,海信视像,可选消费,358.21,0.51
2026-09-30,600096,云天化,原材料,507.89,0.87
2026-09-30,002727,一心堂,医药卫生,62.78,0.22
2026-09-30,300349,金卡智能,信息技术,42.18,0.08
2026-09-30,600104,上汽集团,可选消费,1250.69,6.17
2026-09-30,300389,艾比森,信息技术,47.43,0.09
2026-09-30,600150,中国船舶,工业,2942.52,2.2
2026-09-30,600163,中闽能源,公用事业,106.57,0.28
2026-09-30,600170,上海建工,工业,199.05,1.77
2026-09-30,601001,晋控煤业,能源,288.04,0.46
2026-09-30,601002,晋亿实业,工业,50.58,0.08
2026-09-30,601117,中国化学,工业,437.77,1.87
2026-09-30,600258,首旅酒店,可选消费,122.94,0.39
2026-09-30,601225,陕西煤业,能源,2523.61,3.12
2026-09-30,601339,百隆东方,可选消费,108.72,0.24
2026-09-30,600267,海正药业,医药卫生,138.68,0.26
2026-09-30,600320,振华重工,工业,135.65,0.58
2026-09-30,600352,浙江龙盛,原材料,409.59,0.52
2026-09-30,601877,正泰电器,工业,536.17,3.33
2026-09-30,600380,健康元,医药卫生,185.87,0.51
2026-09-30,600428,中远海特,工业,293.87,0.67
2026-09-30,600449,宁夏建材,原材料,59.68,0.12
2026-09-30,300244,迪安诊断,医药卫生,128.25,0.3
2026-09-30,600300,维维股份,主要消费,50.13,0.13
2026-09-30,000090,天健集团,工业,68.02,0.24
2026-09-30,601880,辽港股份,工业,270.67,0.71
2026-09-30,600938,中国海油,能源,999.26,10.29
2026-09-30,601600,中国铝业,原材料,1179.72,4.21
2026-09-30,601919,中远海控,工业,2055.54,2.33
2026-09-30,600398,海澜之家,可选消费,271.36,0.57
2026-09-30,002563,森马服饰,可选消费,146.83,0.18
2026-09-30,601827,三峰环境,工业,132.08,0.3
2026-09-30,603766,隆鑫通用,可选消费,291.19,0.3
2026-09-30,601801,皖新传媒,可选消费,107.49,0.13
2026-09-30,000719,中原传媒,可选消费,122.27,0.25
2026-09-30,600546,山煤国际,能源,260.1,0.66
2026-09-30,603883,老百姓,医药卫生,98.96,0.42
2026-09-30,000100,TCL科技,信息技术,1051.23,3.97
2026-09-30,000921,海信家电,可选消费,247.79,0.64
2026-09-30,600874,创业环保,公用事业,67.92,0.39
2026-09-30,002761,浙江建投,工业,101.75,0.34
2026-09-30,601633,长城汽车,可选消费,859.42,5.57
2026-09-30,600050,中国联通,电信业务,1322.49,3.64
2026-09-30,001338,永顺泰,主要消费,46.21,0.12
2026-09-30,688819,天能股份,工业,202.0,0.61
2026-09-30,000026,飞亚达,可选消费,68.87,0.08
2026-09-30,600195,中牧股份,主要消费,68.72,0.13
2026-09-30,603661,恒林股份,可选消费,46.05,0.12
2026-09-30,000513,丽珠集团,医药卫生,193.48,0.49
2026-09-30,301039,中集车辆,工业,104.96,0.16
2026-09-30,601083,锦江航运,工业,163.71,0.32
2026-09-30,605377,华旺科技,原材料,44.98,0.11
2026-09-30,601728,中国电信,电信业务,4875.15,9.18
2026-09-30,002545,东方铁塔,原材料,172.3,0.25
2026-09-30,688128,中国电研,工业,89.52,0.16
2026-09-30,002390,信邦制药,医药卫生,57.54,0.1
2026-09-30,002918,蒙娜丽莎,工业,43.5,0.09
2026-09-30,000551,创元科技,工业,56.52,0.08
2026-09-30,600256,广汇能源,能源,426.35,0.79
2026-09-30,002204,大连重工,工业,102.94,0.22
2026-09-30,002532,天山铝业,原材料,563.78,1.11
2026-09-30,600351,亚宝药业,医药卫生,47.19,0.09
2026-09-30,600295,鄂尔多斯,原材料,258.01,0.56
2026-09-30,600482,中国动力,工业,760.09,1.34
2026-09-30,601156,东航物流,工业,291.95,0.71
2026-09-30,688330,宏力达,工业,51.38,0.11
2026-09-30,000039,中集集团,工业,198.03,1.28
2026-09-30,000338,潍柴动力,工业,1680.99,3.28
2026-09-30,603444,吉比特,信息技术,244.72,0.39
2026-09-30,603565,中谷物流,工业,243.4,0.35
2026-09-30,603279,景津装备,工业,63.06,0.12
