date,ETF净值,指数全收益,指数价格
2025-06-30,1.0,6963.0144,4035.3277
2025-07-03,1.0008,7071.4685,4096.579
2025-07-04,1.0032,7114.1056,4120.463
2025-07-07,1.002,7100.4906,4106.0919
2025-07-08,1.0055,7127.1308,4121.4975
2025-07-09,1.0037,7114.9505,4114.4538
2025-07-10,1.0119,7175.6632,4144.2127
2025-07-11,1.0108,7167.9829,4138.1275
2025-07-14,1.0166,7209.686,4160.9364
2025-07-15,1.0121,7178.0462,4141.8884
2025-07-16,1.0104,7165.6983,4132.1005
2025-07-17,1.0101,7164.0493,4128.2243
2025-07-18,1.0157,7204.1247,4151.3174
2025-07-21,1.0259,7277.2482,4192.0275
2025-07-22,1.0372,7358.4429,4238.7993
2025-07-23,1.0323,7323.6686,4218.7677
2025-07-24,1.0325,7325.0314,4218.6337
2025-07-25,1.0257,7277.0103,4181.7453
2025-07-28,1.0199,7235.8428,4158.0883
2025-07-29,1.0161,7208.8682,4142.5873
2025-07-30,1.0233,7259.966,4171.8183
2025-07-31,1.0025,7113.1359,4087.0325
2025-08-01,1.0033,7118.7767,4090.2736
2025-08-04,1.0081,7153.2685,4110.0917
2025-08-05,1.0175,7220.6994,4148.8358
2025-08-06,1.0188,7230.3234,4154.3655
2025-08-07,1.0187,7229.3809,4153.824
2025-08-08,1.0238,7266.2932,4167.1334
2025-08-11,1.0213,7248.4789,4156.9171
2025-08-12,1.0262,7284.1562,4177.3776
2025-08-13,1.0256,7280.2233,4174.6
2025-08-14,1.02,7240.409,4151.7698
2025-08-15,1.0256,7280.1628,4172.1312
2025-08-18,1.0238,7267.9662,4165.1415
2025-08-19,1.0232,7263.6322,4161.9556
2025-08-20,1.0326,7331.047,4200.5833
2025-08-21,1.0361,7356.8336,4215.3586
2025-08-22,1.0352,7350.1899,4211.5519
2025-08-25,1.0526,7475.1431,4282.9159
2025-08-26,1.0583,7515.6486,4306.1237
2025-08-27,1.0352,7351.0117,4210.3577
2025-08-28,1.0385,7374.9969,4224.0954
2025-08-29,1.0341,7344.3365,4192.293
2025-09-01,1.0309,7321.3794,4179.1886
2025-09-02,1.0383,7374.9188,4209.7499
2025-09-03,1.0307,7320.9554,4178.9465
2025-09-04,1.0237,7271.1118,4150.4948
2025-09-05,1.0329,7336.0652,4186.8838
2025-09-08,1.0371,7367.1204,4204.6078
2025-09-09,1.0398,7386.5529,4215.6984
2025-09-10,1.0348,7349.9767,4194.8234
2025-09-11,1.0426,7405.4713,4226.4956
2025-09-12,1.035,7355.9455,4198.2299
2025-09-15,1.0301,7325.6206,4180.9227
2025-09-16,1.0241,7283.8215,4157.0173
2025-09-17,1.0296,7324.2449,4174.507
2025-09-18,1.0109,7192.1347,4099.2098
2025-09-19,1.0151,7221.2451,4115.6865
2025-09-22,1.0057,7153.8689,4077.286
2025-09-23,1.0067,7160.4517,4081.0378
2025-09-24,1.0123,7200.7943,4102.817
2025-09-25,1.0061,7152.1956,4073.6397
2025-09-26,1.0083,7167.2368,4081.6697
2025-09-29,1.0141,7208.6258,4104.4225
2025-09-30,1.0127,7197.4587,4097.7657
2025-10-09,1.0284,7309.9635,4161.8186
2025-10-10,1.0292,7316.5898,4165.5912
2025-10-13,1.0224,7268.3711,4137.9253
2025-10-14,1.0309,7329.4297,4172.6863
2025-10-15,1.0392,7388.8231,4203.9449
2025-10-16,1.0405,7397.6407,4206.7619
2025-10-17,1.0286,7311.6899,4156.481
2025-10-20,1.0327,7341.4211,4172.454
2025-10-21,1.0393,7388.6175,4199.2778
2025-10-22,1.0445,7425.1033,4219.5172
2025-10-23,1.0548,7499.0546,4261.542
2025-10-24,1.0518,7477.2929,4244.0961
2025-10-27,1.0574,7517.2875,4266.797
2025-10-28,1.0513,7473.9875,4241.5365
2025-10-29,1.058,7522.3871,4269.0036
2025-10-30,1.0605,7540.0069,4278.1927
2025-10-31,1.064,7565.3911,4292.5957
2025-11-03,1.0736,7634.0927,4331.5769
2025-11-04,1.0731,7630.6537,4329.6256
2025-11-05,1.0773,7660.9003,4346.7875
2025-11-06,1.0988,7813.6121,4433.436
2025-11-07,1.1043,7852.772,4454.4951
2025-11-10,1.1192,7959.4705,4512.5591
2025-11-11,1.1161,7937.4946,4499.8659
2025-11-12,1.1217,7977.1822,4522.3653
2025-11-13,1.1268,8013.6068,4543.0148
2025-11-14,1.1134,7918.4712,4489.0812
2025-11-17,1.1058,7864.9497,4458.7392
2025-11-18,1.0919,7763.6593,4398.202
2025-11-19,1.0973,7802.2808,4419.9782
2025-11-20,1.0951,7786.6685,4411.1339
2025-11-21,1.0759,7650.2787,4333.8693
2025-11-24,1.0706,7612.7514,4312.6101
2025-11-25,1.0789,7671.757,4345.6894
2025-11-26,1.0797,7677.376,4348.8723
2025-11-27,1.0829,7700.2634,4361.837
2025-11-28,1.0838,7707.0734,4365.6946
2025-12-01,1.0946,7784.7913,4409.7181
2025-12-02,1.0935,7776.8034,4405.1933
2025-12-03,1.097,7799.5467,4417.9104
2025-12-04,1.0945,7781.7825,4407.8482
2025-12-05,1.1037,7848.0147,4445.3642
2025-12-08,1.097,7800.4005,4417.6463
2025-12-09,1.0795,7675.3862,4346.8462
2025-12-10,1.0797,7677.0196,4347.7713
2025-12-11,1.0751,7644.7433,4329.4921
2025-12-12,1.0796,7683.4893,4343.7821
2025-12-15,1.0804,7692.3545,4348.794
2025-12-16,1.071,7625.5061,4311.002
2025-12-17,1.0795,7686.5579,4345.517
2025-12-18,1.085,7725.4172,4367.4857
2025-12-19,1.0872,7741.6097,4376.64
2025-12-22,1.0873,7742.7264,4377.2713
2025-12-23,1.0898,7759.5791,4386.7988
2025-12-24,1.0885,7751.0697,4381.8497
2025-12-25,1.0879,7746.3403,4379.1761
2025-12-26,1.0963,7806.324,4413.0862
2025-12-29,1.0949,7797.3532,4408.0148
2025-12-30,1.1009,7839.1793,4431.66
2025-12-31,1.099,7824.8935,4423.5165
2026-01-05,1.1043,7863.6326,4445.4162
2026-01-06,1.1225,7993.9246,4519.072
2026-01-07,1.1192,7970.6385,4505.908
2026-01-08,1.1113,7913.9353,4473.8529
2026-01-09,1.1188,7967.8,4503.9772
2026-01-12,1.1198,7975.0881,4508.0969
2026-01-13,1.1207,7982.1182,4512.0708
2026-01-14,1.1151,7942.174,4486.8513
2026-01-15,1.1202,7978.6022,4507.4311
2026-01-16,1.1129,7926.3486,4477.911
2026-01-19,1.1277,8032.4886,4537.8737
2026-01-20,1.1387,8111.0726,4582.269
2026-01-21,1.1383,8108.2538,4580.6765
2026-01-22,1.1431,8142.4113,4599.9734
2026-01-23,1.1439,8148.0666,4593.8374
2026-01-26,1.1572,8243.4306,4647.6031
2026-01-27,1.1479,8177.6022,4610.4894
2026-01-28,1.1658,8305.2683,4682.4669
2026-01-29,1.1837,8432.4325,4754.1614
2026-01-30,1.167,8313.4341,4686.0801
2026-02-02,1.1277,8033.1758,4528.1054
2026-02-03,1.1435,8146.2322,4591.8326
2026-02-04,1.1658,8305.5489,4681.6356
2026-02-05,1.1576,8247.0733,4647.1519
2026-02-06,1.1575,8246.5835,4640.9919
2026-02-09,1.1716,8347.5471,4697.8119
2026-02-10,1.1754,8374.5964,4713.0346
2026-02-11,1.1826,8425.8202,4741.6267
2026-02-12,1.1897,8476.5323,4770.1649
2026-02-13,1.1661,8308.2911,4675.4872
2026-02-24,1.1972,8532.1748,4801.4777
2026-02-25,1.2036,8577.8293,4827.1697
2026-02-26,1.2055,8591.348,4834.7774
2026-02-27,1.2041,8581.7031,4829.3497
2026-03-02,1.2233,8719.1074,4906.6739
2026-03-03,1.2294,8762.5799,4931.138
2026-03-04,1.2192,8689.704,4890.1271
2026-03-05,1.2249,8730.5492,4913.1127
2026-03-06,1.2269,8744.649,4921.0474
2026-03-09,1.222,8710.1721,4901.6456
2026-03-10,1.218,8681.6743,4885.6085
2026-03-11,1.2296,8764.7253,4932.3454
2026-03-12,1.2377,8822.7533,4965.0006
2026-03-13,1.2305,8770.5194,4935.606
2026-03-16,1.2189,8689.0906,4889.782
2026-03-17,1.2137,8652.1316,4868.9833
2026-03-18,1.2109,8632.1491,4857.7382
2026-03-19,1.2018,8567.2802,4821.2333
2026-03-20,1.1928,8503.2742,4785.214
2026-03-23,1.1605,8273.7095,4656.0265
2026-03-24,1.1738,8369.1923,4709.7594
2026-03-25,1.1801,8414.2401,4735.11
2026-03-26,1.1765,8388.3414,4720.5355
2026-03-27,1.1764,8388.0982,4720.3986
2026-03-30,1.1785,8403.2534,4728.9272
2026-03-31,1.1762,8386.9898,4719.7748
2026-04-01,1.1836,8439.4276,4749.2841
2026-04-02,1.1843,8444.8399,4752.3299
2026-04-03,1.1713,8352.0059,4700.0876
2026-04-07,1.1731,8365.3733,4707.6101
2026-04-08,1.1828,8434.8492,4746.7076
2026-04-09,1.1774,8396.3301,4725.031
2026-04-10,1.1799,8414.116,4735.04
2026-04-13,1.175,8378.9166,4715.2315
2026-04-14,1.1748,8377.4982,4714.4333
2026-04-15,1.1773,8396.1115,4724.9079
2026-04-16,1.1806,8418.3769,4737.4377
2026-04-17,1.1727,8361.6021,4705.4877
2026-04-20,1.1714,8352.9016,4700.5915
2026-04-21,1.1802,8416.0498,4736.1281
2026-04-22,1.1779,8399.5004,4726.8149
2026-04-23,1.1839,8442.7478,4751.1524
2026-04-24,1.1826,8433.5372,4745.9691
2026-04-27,1.177,8393.4322,4723.4
2026-04-28,1.1892,8480.7717,4772.5503
2026-04-29,1.1997,8555.8087,4814.1498
2026-04-30,1.1929,8507.2845,4786.8464
2026-05-06,1.1898,8486.0287,4774.8863
2026-05-07,1.177,8394.3425,4723.2967
2026-05-08,1.1729,8365.0642,4706.3396
2026-05-11,1.1773,8396.8429,4722.9715
2026-05-12,1.1716,8355.8299,4699.9029
2026-05-13,1.1727,8363.5622,4704.2521
2026-05-14,1.169,8337.4852,4684.4636
2026-05-15,1.1686,8334.4353,4682.75
2026-05-18,1.1617,8285.2272,4655.1022
2026-05-19,1.1629,8293.6916,4659.858
2026-05-20,1.157,8252.2508,4635.7791
2026-05-21,1.1416,8142.2421,4572.2273
2026-05-22,1.1398,8128.9015,4564.7359
2026-05-25,1.1378,8115.6224,4557.2791
2026-05-26,1.1436,8156.9799,4580.5031
2026-05-27,1.1374,8113.4088,4555.5068
2026-05-28,1.1311,8067.9959,4528.114
2026-05-29,1.1507,8208.0774,4605.4058
2026-06-01,1.1598,8273.3441,4641.9175
2026-06-02,1.1594,8270.7609,4640.4681
2026-06-03,1.157,8253.2366,4630.0359
2026-06-04,1.1469,8178.211,4587.9468
2026-06-05,1.1422,8144.872,4566.5115
2026-06-08,1.138,8115.3171,4547.258
2026-06-09,1.1328,8077.394,4525.7531
2026-06-10,1.1335,8083.0858,4526.6797
2026-06-11,1.136,8104.0622,4537.9608
2026-06-12,1.1419,8142.6129,4547.5839
2026-06-15,1.1315,8104.5381,4526.1414
2026-06-16,1.1106,7977.3589,4453.4649
2026-06-17,1.1025,7919.8146,4419.6562
2026-06-18,1.0788,7749.2135,4321.5626
2026-06-22,1.0944,7861.9563,4384.4367
2026-06-23,1.0808,7763.8186,4329.7075
2026-06-24,1.0664,7660.4831,4272.0796
2026-06-25,1.0583,7602.4091,4238.1364
2026-06-26,1.0405,7473.9313,4158.5243
2026-06-29,1.056,7585.5397,4205.2442
2026-06-30,1.0341,7428.3397,4118.0962
2026-07-01,1.0482,7530.0373,4170.7485
2026-07-02,1.0594,7609.8418,4213.5986
2026-07-03,1.0682,7673.3452,4248.2442
2026-07-06,1.0851,7795.2748,4313.9005
2026-07-07,1.0685,7676.3694,4248.0983
2026-07-08,1.0721,7702.5192,4262.3539
2026-07-09,1.0601,7616.2563,4214.6185
2026-07-10,1.0683,7674.5623,4237.3645
2026-07-13,1.0732,7710.3671,4256.6839
2026-07-14,1.0918,7844.1681,4328.8209
2026-07-15,1.1096,7972.5307,4399.6581
2026-07-16,1.1024,7920.7119,4370.0775
2026-07-17,1.1008,7909.2972,4363.5019
2026-07-20,1.1322,8135.2992,4487.1542
2026-07-21,1.1254,8086.148,4460.0441
2026-07-22,1.134,8148.4801,4492.5391
2026-07-23,1.1449,8226.8722,4535.4129
2026-07-24,1.1308,8125.3093,4478.0783
2026-07-27,1.1327,8138.6126,4485.3189
2026-07-28,1.1428,8212.1439,4517.1604
2026-07-29,1.1595,8332.3077,4583.2576
2026-07-30,1.1791,8472.9323,4654.4716
2026-07-31,1.1714,8417.4925,4624.0166
2026-08-03,1.1692,8402.4153,4615.7342
2026-08-04,1.1506,8267.6457,4541.7006
2026-08-05,1.1462,8236.8481,4524.7824
2026-08-06,1.1474,8245.1263,4529.3299
2026-08-07,1.1405,8195.6386,4501.4652
2026-08-10,1.1542,8294.1595,4555.4232
2026-08-11,1.1498,8262.1874,4535.5
2026-08-12,1.1464,8237.5195,4521.9586
2026-08-13,1.1381,8176.5152,4485.4116
2026-08-14,1.1333,8142.1569,4462.4022
2026-08-17,1.1353,8156.5834,4470.3088
2026-08-18,1.1407,8195.4621,4491.6167
2026-08-19,1.1479,8247.0289,4518.4644
2026-08-20,1.1495,8258.5725,4524.789
2026-08-21,1.1428,8210.3866,4492.2654
2026-08-24,1.153,8283.5216,4532.2808
2026-08-25,1.1535,8287.5666,4534.4198
2026-08-26,1.1597,8331.7574,4558.5981
2026-08-27,1.1583,8321.761,4534.1419
2026-08-28,1.1579,8318.4733,4532.3506
2026-08-31,1.1595,8330.4953,4538.9008
2026-09-01,1.1679,8390.9547,4571.1414
2026-09-02,1.1559,8304.5831,4524.0887
2026-09-03,1.1604,8337.1466,4541.4232
2026-09-04,1.1674,8387.7305,4568.8428
2026-09-07,1.1569,8312.0677,4527.6288
2026-09-08,1.1613,8343.7786,4544.9019
2026-09-09,1.1687,8397.8779,4574.0563
2026-09-10,1.1653,8372.6766,4556.2594
2026-09-11,1.1559,8285.9462,4509.0623
2026-09-14,1.155,8281.0818,4506.4152
2026-09-15,1.1417,8185.3722,4452.3346
2026-09-16,1.1375,8155.4735,4433.8961
2026-09-17,1.1299,8100.5634,4404.0431
2026-09-18,1.1329,8122.7067,4415.3231
2026-09-21,1.1283,8089.6781,4396.6345
2026-09-22,1.1302,8103.1064,4403.9326
2026-09-23,1.1226,8049.1214,4374.5716
2026-09-24,1.1195,8026.4445,4360.1143
2026-09-28,1.1159,8000.7795,4346.0461
2026-09-29,1.1193,8025.239,4359.3326
2026-09-30,1.1334,8126.3092,4413.0448
