year,name,usd_net_return,fx_return,cny_net_before_channel_costs
2013,MSCI World,0.2668,-0.028314152260798364,0.2309316319160204
2014,MSCI World,0.049400000000000006,0.024926904207344336,0.07555829327518726
2015,MSCI World,-0.0087,0.04403184733907106,0.034948770267221096
2016,MSCI World,0.0751,0.07181450492451136,0.15230777424434216
2017,MSCI World,0.22399999999999998,-0.06289788275961394,0.14701299150223268
2018,MSCI World,-0.08710000000000001,0.05674500099903157,-0.03529748858798398
2019,MSCI World,0.2767,0.012551814413497286,0.29272490146171193
2020,MSCI World,0.159,-0.06274239420839434,0.08628156511247109
2021,MSCI World,0.2182,-0.02335632183908043,0.18974732873563216
2022,MSCI World,-0.1814,0.08232118758434548,-0.11401187584345485
2023,MSCI World,0.2379,0.029388737458678982,0.27428031810009856
2024,MSCI World,0.1867,0.028084902604261996,0.22002835392047793
2025,MSCI World,0.2109,-0.04194922800816514,0.1601036798049129
2013,MSCI World Quality,0.2706,-0.028314152260798364,0.2346240381374296
2014,MSCI World Quality,0.08449999999999999,0.024926904207344336,0.11153322761286488
2015,MSCI World Quality,0.0371,0.04403184733907106,0.08276542887535032
2016,MSCI World Quality,0.0455,0.07181450492451136,0.1205820648985767
2017,MSCI World Quality,0.2596,-0.06289788275961394,0.18037382687599046
2018,MSCI World Quality,-0.055,0.05674500099903157,-0.0013759740559152744
2019,MSCI World Quality,0.3608,0.012551814413497286,0.37788050905388704
2020,MSCI World Quality,0.222,-0.06274239420839434,0.14532879427734202
2021,MSCI World Quality,0.2566,-0.02335632183908043,0.2272504459770115
2022,MSCI World Quality,-0.22210000000000002,0.08232118758434548,-0.1580623481781377
2023,MSCI World Quality,0.3239,0.029388737458678982,0.36280774952154515
2024,MSCI World Quality,0.1844,0.028084902604261996,0.21766375864448806
2025,MSCI World Quality,0.1654,-0.04194922800816514,0.11651236967928424
2013,MSCI World Value,0.2662,-0.028314152260798364,0.23034862040737702
2014,MSCI World Value,0.0369,0.024926904207344336,0.06274670697259532
2015,MSCI World Value,-0.0482,0.04403184733907106,-0.006290487702672154
2016,MSCI World Value,0.1233,0.07181450492451136,0.20396923338170359
2017,MSCI World Value,0.171,-0.06289788275961394,0.09734657928849222
2018,MSCI World Value,-0.10779999999999999,0.05674500099903157,-0.057172110108664076
2019,MSCI World Value,0.2175,0.012551814413497286,0.2327818340484331
2020,MSCI World Value,-0.0116,-0.06274239420839434,-0.07361458243557706
2021,MSCI World Value,0.2194,-0.02335632183908043,0.19091930114942524
2022,MSCI World Value,-0.0652,0.08232118758434548,0.011753846153846004
2023,MSCI World Value,0.1151,0.029388737458678982,0.14787138114017284
2024,MSCI World Value,0.11470000000000001,0.028084902604261996,0.14600624093297077
2025,MSCI World Value,0.2079,-0.04194922800816514,0.15722952748893748
