period,name,start,end,n,years,total,cagr,vol,mdd
full_backtest_mixed,价值100,2012-12-31,2026-09-30,3339,13.747031082089297,7.1263092,0.16463101838257543,0.21869627788195894,-0.3993811506195596
full_backtest_mixed,自由现金流,2012-12-31,2026-09-30,3339,13.747031082089297,6.9491391,0.1627650417135036,0.22755304973251023,-0.501948024425376
full_backtest_mixed,沪深300,2012-12-31,2026-09-30,3339,13.747031082089297,1.374269790446629,0.06492047189773831,0.213895564231241,-0.46058855289830947
full_backtest_mixed,中证全指,2012-12-31,2026-09-30,3339,13.747031082089297,1.5717803307966043,0.07112864573876054,0.22470775453115138,-0.5578010737246758
full_backtest_mixed,300价值,2012-12-31,2026-09-30,3339,13.747031082089297,2.188138719380628,0.08799975338172916,0.20569318874296405,-0.396936314413903
full_backtest_mixed,中证红利,2012-12-31,2026-09-30,3339,13.747031082089297,2.88465982508731,0.10375146434746663,0.20664596104133473,-0.45659296257350934
full_backtest_mixed,红利低波,2012-12-31,2026-09-30,3339,13.747031082089297,3.852881027049005,0.12176441242116787,0.19802989971567186,-0.4249410231544901
full_backtest_mixed,红利质量,2012-12-31,2026-09-30,3339,13.747031082089297,5.70163551040005,0.14841499170347783,0.23047614311115505,-0.39022176978228373
post_20241029,价值100,2024-10-29,2026-09-30,470,1.9192728118989437,0.23930266363529462,0.11827412046656272,0.14345049802510645,-0.15804744308106178
post_20241029,自由现金流,2024-10-29,2026-09-30,470,1.9192728118989437,0.14883834156084608,0.07497099495396542,0.16637928685972364,-0.24441564113091696
post_20241029,沪深300,2024-10-29,2026-09-30,470,1.9192728118989437,0.1660487099485688,0.08333167931759622,0.17010508647219938,-0.13255335989411177
post_20241029,中证全指,2024-10-29,2026-09-30,470,1.9192728118989437,0.22655943351401509,0.112268093290256,0.20215229157381195,-0.1582768045857449
post_20241029,300价值,2024-10-29,2026-09-30,470,1.9192728118989437,0.10780910701492274,0.05479385940457848,0.13180211814019716,-0.1154945732432936
post_20241029,中证红利,2024-10-29,2026-09-30,470,1.9192728118989437,0.11611320115995372,0.0589061212060118,0.13893891173504783,-0.1444352100566466
post_20241029,红利低波,2024-10-29,2026-09-30,470,1.9192728118989437,0.13133062637227,0.06640407535165282,0.12761915993122788,-0.14004587965979054
post_20241029,红利质量,2024-10-29,2026-09-30,470,1.9192728118989437,0.17431514261411984,0.08732644014441004,0.18393028010573428,-0.1332126038993352
last_5y,价值100,2021-09-30,2026-09-30,1212,4.999418194761015,0.9578185421345498,0.14382946152179432,0.18189204505485063,-0.15804744308106178
last_5y,自由现金流,2021-09-30,2026-09-30,1212,4.999418194761015,0.9820075312973562,0.14664234273272525,0.20090687588364858,-0.24441564113091696
last_5y,沪深300,2021-09-30,2026-09-30,1212,4.999418194761015,0.015499980613392195,0.003081312095735589,0.17857972898756452,-0.34403177791061434
last_5y,中证全指,2021-09-30,2026-09-30,1212,4.999418194761015,0.08193731698530549,0.015877206609012706,0.20010271003998037,-0.3714219756863505
last_5y,300价值,2021-09-30,2026-09-30,1212,4.999418194761015,0.28643991935847923,0.05167233021187867,0.16112116433958654,-0.23863052233093252
last_5y,中证红利,2021-09-30,2026-09-30,1212,4.999418194761015,0.34434813951261845,0.060975465526668104,0.16048829496116868,-0.14529103581046576
last_5y,红利低波,2021-09-30,2026-09-30,1212,4.999418194761015,0.5082877214099417,0.08567788969523549,0.16041455322211026,-0.14004587965979054
last_5y,红利质量,2021-09-30,2026-09-30,1212,4.999418194761015,0.16709327478597658,0.03138942731416838,0.20052824523382182,-0.27960625645358983
