name,horizon_years,windows,min_cumulative,max_cumulative,median_annualized,min_annualized,max_annualized,loss_share,beat_300_share,approx_nonoverlap
价值100,1.0,154,-0.2448237850903343,1.276104814381847,0.17084539809832644,-0.2448237850903343,1.276104814381847,0.12987012987012986,0.7597402597402597,13
自由现金流,1.0,154,-0.3586061619528417,1.4063339816548508,0.19228251414930086,-0.3586061619528417,1.4063339816548508,0.2012987012987013,0.7012987012987013,13
沪深300,1.0,154,-0.3348876240644285,1.3042730743541324,0.08350624306146359,-0.3348876240644285,1.3042730743541324,0.38311688311688313,0.0,13
中证全指,1.0,154,-0.3505371576301184,1.5463879054635918,0.05052434325303312,-0.3505371576301184,1.5463879054635918,0.37662337662337664,0.5454545454545454,13
300价值,1.0,154,-0.27046023705740985,1.3139587499452627,0.07400682517741142,-0.27046023705740985,1.3139587499452627,0.2987012987012987,0.7012987012987013,13
中证红利,1.0,154,-0.290993525403602,1.5190339512987245,0.09328375903684694,-0.290993525403602,1.5190339512987245,0.2077922077922078,0.6103896103896104,13
红利低波,1.0,154,-0.2750291406456771,1.2812360300992922,0.11552501791263314,-0.2750291406456771,1.2812360300992922,0.15584415584415584,0.5974025974025974,13
红利质量,1.0,154,-0.1806482480483308,1.1969821875788913,0.13633464192485067,-0.1806482480483308,1.1969821875788913,0.22077922077922077,0.7337662337662337,13
价值100,3.0,130,-0.007226844294713097,1.5544692727923528,0.16607144710706367,-0.0024147745406937204,0.3669949001119128,0.007692307692307693,0.8461538461538461,4
自由现金流,3.0,130,-0.04357982106718772,1.5213497786932502,0.20121177917793787,-0.014742891742788866,0.36106134327845973,0.007692307692307693,0.8615384615384616,4
沪深300,3.0,130,-0.3587197021949642,0.799980466445015,0.07085131118805865,-0.1376518571664831,0.2164359988384994,0.23846153846153847,0.0,4
中证全指,3.0,130,-0.3599961766212928,1.1263844277698554,0.05696658670899213,-0.1382244079032222,0.2859199310831182,0.34615384615384615,0.5384615384615384,4
300价值,3.0,130,-0.13894271653817747,1.2111653276226342,0.07711467520427673,-0.04864191157706754,0.30278796690150034,0.1076923076923077,0.7153846153846154,4
中证红利,3.0,130,-0.10215719139831148,1.2277591089033137,0.09099557614681597,-0.03528261970725832,0.30603879041949833,0.038461538461538464,0.7076923076923077,4
红利低波,3.0,130,-0.0656749300055588,1.1530592373617314,0.11167602385320463,-0.022389177559976048,0.29127475243162637,0.038461538461538464,0.7230769230769231,4
红利质量,3.0,130,-0.1662794995364062,1.4285144975666304,0.17715422754947163,-0.058818258395203604,0.34414741184125486,0.11538461538461539,0.9,4
价值100,5.0,106,0.2758585198913537,2.36691178560882,0.15640586298015335,0.049930383128951705,0.2748126007795628,0.0,1.0,2
自由现金流,5.0,106,-0.09421626186837273,2.469813531298009,0.18024565567198614,-0.019596385145891237,0.28251137962754136,0.02830188679245283,0.9150943396226415,2
沪深300,5.0,106,-0.1141956366538256,1.0662679063299492,0.047229292540022616,-0.02396011958672173,0.15621161012956208,0.0660377358490566,0.0,2
中证全指,5.0,106,-0.32471952192532527,0.9110834188535406,0.041092575370458295,-0.07552145010499944,0.138297884926339,0.04716981132075472,0.4716981132075472,2
300价值,5.0,106,-0.09254993109406184,1.6533302193872337,0.06075384996693978,-0.01923592915408856,0.21550922901525005,0.02830188679245283,0.6320754716981132,2
中证红利,5.0,106,-0.1114860471033956,1.5237399013369557,0.09484526365688728,-0.023363726616900005,0.20339698432306763,0.02830188679245283,0.8207547169811321,2
红利低波,5.0,106,-0.10391792370264585,1.5944682187269779,0.10482737214137416,-0.021705621217053217,0.21006770677352127,0.02830188679245283,0.7924528301886793,2
红利质量,5.0,106,0.07485643656997731,2.5364317872364848,0.14498884822759672,0.014542143989743073,0.28739867292649013,0.0,0.9905660377358491,2
价值100,10.0,46,1.887987431615341,4.873184811735532,0.16808707680169932,0.11188412571901618,0.19367848648325947,0.0,1.0,1
自由现金流,10.0,46,1.9910051284677999,5.968707250053022,0.17983396625001313,0.11578807550762327,0.21426987885381155,0.0,1.0,1
沪深300,10.0,46,-0.009365108618440754,1.267518184154595,0.06192599886163985,-0.0009404811676534397,0.0853131818896038,0.043478260869565216,0.0,1
中证全指,10.0,46,-0.20712227052904097,1.2095860829110712,0.049176797083585355,-0.0229413769850636,0.08250794517242688,0.06521739130434782,0.15217391304347827,1
300价值,10.0,46,0.39357333451084053,2.0012450676888007,0.08516423920879468,0.03374395455738699,0.1161694870151666,0.0,0.9782608695652174,1
中证红利,10.0,46,0.5488224151092764,2.8343351827188106,0.10705320378751249,0.044720610189860954,0.14384981810174535,0.0,1.0,1
红利低波,10.0,46,0.8094416472721,2.901481778133761,0.1154478867509302,0.0610954645014854,0.14583730718657906,0.0,1.0,1
红利质量,10.0,46,1.2802853194412385,4.878129714193823,0.1504038671426079,0.08592271865946977,0.19377894966811327,0.0,1.0,1
