eps_growth,terminal_pe,cagr
-0.05,5,-0.04154888604354001
-0.05,6,-0.029842770380873018
-0.05,8,-0.009692005819470717
-0.05,10,0.007237415808768244
-0.05,12,0.021848169887323632
-0.02,5,-0.011282008760704398
-0.02,6,0.0007937737123626665
-0.02,8,0.021580878207282828
-0.02,10,0.03904491315009784
-0.02,12,0.054117059462712724
0.0,5,0.008895909427852677
0.0,6,0.021218136441186308
0.0,8,0.042429467558452005
0.0,10,0.0602499113776509
0.0,12,0.07562965251297227
0.02,5,0.029073827616409753
0.02,6,0.04164249917001017
0.02,8,0.06327805690962096
0.02,10,0.08145490960520396
0.02,12,0.09714224556323181
0.05,5,0.05934070489924537
0.05,6,0.07227904326324563
0.05,8,0.0945509409363745
0.05,10,0.11326240694653356
0.05,12,0.1294111351386209
