id,url,status,content_type,final_url
S01,https://www.cnindex.com.cn/docs/gz_980081.pdf,200,application/pdf,https://www.cnindex.com.cn/docs/gz_980081.pdf
S02,https://www.cnindex.com.cn/index-intro?indexcode=980081,200,application/json;charset=UTF-8,https://www.cnindex.com.cn/index-intro?indexcode=980081
S03,https://www.cnindex.com.cn/index/indexList?channelCode=-1&rows=2000&pageNum=1,200,application/json;charset=UTF-8,https://www.cnindex.com.cn/index/indexList?channelCode=-1&rows=2000&pageNum=1
S04,https://www.cnindex.com.cn/sample-detail/download-history?indexcode=980081,200,application/octet-stream;charset=utf-8,https://www.cnindex.com.cn/sample-detail/download-history?indexcode=980081
S05,https://hq.cnindex.com.cn/market/market/getIndexDailyDataWithDataFormat?indexCode=980081&startDate=2012-12-31&endDate=2026-09-30&frequency=day,200,application/json;charset=UTF-8,https://hq.cnindex.com.cn/market/market/getIndexDailyDataWithDataFormat?indexCode=980081&startDate=2012-12-31&endDate=2026-09-30&frequency=day
S06,https://hq.cnindex.com.cn/market/market/getIndexDailyDataWithDataFormat?indexCode=480081&startDate=2012-12-31&endDate=2026-09-30&frequency=day,200,application/json;charset=UTF-8,https://hq.cnindex.com.cn/market/market/getIndexDailyDataWithDataFormat?indexCode=480081&startDate=2012-12-31&endDate=2026-09-30&frequency=day
S07,https://www.csindex.com.cn/csindex-home/perf/index-perf?indexCode=H00300&startDate=20121231&endDate=20260930,200,application/json;charset=UTF-8,https://www.csindex.com.cn/csindex-home/perf/index-perf?indexCode=H00300&startDate=20121231&endDate=20260930
S08,https://www.cnindex.com.cn/info/fund?indexCode=980081&pageNum=1&rows=100,200,application/json;charset=UTF-8,https://www.cnindex.com.cn/info/fund?indexCode=980081&pageNum=1&rows=100
S09,https://www.efunds.com.cn/fund/159263.shtml,200,text/html,https://www.efunds.com.cn/fund/159263.shtml
S10,https://cdn.efunds.com.cn/owch/data/bulletin/20260831/易方达国证价值100交易型开放式指数证券投资基金2026年中期报告.pdf,200,application/pdf,https://cdn.efunds.com.cn/owch/data/bulletin/20260831/%E6%98%93%E6%96%B9%E8%BE%BE%E5%9B%BD%E8%AF%81%E4%BB%B7%E5%80%BC100%E4%BA%A4%E6%98%93%E5%9E%8B%E5%BC%80%E6%94%BE%E5%BC%8F%E6%8C%87%E6%95%B0%E8%AF%81%E5%88%B8%E6%8A%95%E8%B5%84%E5%9F%BA%E9%87%912026%E5%B9%B4%E4%B8%AD%E6%9C%9F%E6%8A%A5%E5%91%8A.pdf
S11,https://cdn.efunds.com.cn/owch/data/bulletin/20260529/易方达国证价值100交易型开放式指数证券投资基金更新的招募说明书.pdf,200,application/pdf,https://cdn.efunds.com.cn/owch/data/bulletin/20260529/%E6%98%93%E6%96%B9%E8%BE%BE%E5%9B%BD%E8%AF%81%E4%BB%B7%E5%80%BC100%E4%BA%A4%E6%98%93%E5%9E%8B%E5%BC%80%E6%94%BE%E5%BC%8F%E6%8C%87%E6%95%B0%E8%AF%81%E5%88%B8%E6%8A%95%E8%B5%84%E5%9F%BA%E9%87%91%E6%9B%B4%E6%96%B0%E7%9A%84%E6%8B%9B%E5%8B%9F%E8%AF%B4%E6%98%8E%E4%B9%A6.pdf
S12,https://cdn.efunds.com.cn/owch/data/bulletin/20260731/易方达国证价值100交易型开放式指数证券投资基金发起式联接基金更新的招募说明书.pdf,200,application/pdf,https://cdn.efunds.com.cn/owch/data/bulletin/20260731/%E6%98%93%E6%96%B9%E8%BE%BE%E5%9B%BD%E8%AF%81%E4%BB%B7%E5%80%BC100%E4%BA%A4%E6%98%93%E5%9E%8B%E5%BC%80%E6%94%BE%E5%BC%8F%E6%8C%87%E6%95%B0%E8%AF%81%E5%88%B8%E6%8A%95%E8%B5%84%E5%9F%BA%E9%87%91%E5%8F%91%E8%B5%B7%E5%BC%8F%E8%81%94%E6%8E%A5%E5%9F%BA%E9%87%91%E6%9B%B4%E6%96%B0%E7%9A%84%E6%8B%9B%E5%8B%9F%E8%AF%B4%E6%98%8E%E4%B9%A6.pdf
S13,https://fund.eastmoney.com/pingzhongdata/159263.js,200,application/javascript,https://fund.eastmoney.com/pingzhongdata/159263.js
S14,"https://web.ifzq.gtimg.cn/appstock/app/fqkline/get?param=sz159263,day,2025-07-08,2026-09-30,640,",200,text/html; charset=UTF-8,"https://web.ifzq.gtimg.cn/appstock/app/fqkline/get?param=sz159263,day,2025-07-08,2026-09-30,640,"
S15,https://oss-ch.csindex.com.cn/static/html/csindex/public/uploads/indices/detail/files/zh_CN/000919_Index_Methodology_cn.pdf,200,application/pdf,https://oss-ch.csindex.com.cn/static/html/csindex/public/uploads/indices/detail/files/zh_CN/000919_Index_Methodology_cn.pdf
S16,https://oss-ch.csindex.com.cn/static/html/csindex/public/uploads/indices/detail/files/zh_CN/000922_Index_Methodology_cn.pdf,200,application/pdf,https://oss-ch.csindex.com.cn/static/html/csindex/public/uploads/indices/detail/files/zh_CN/000922_Index_Methodology_cn.pdf
S17,https://oss-ch.csindex.com.cn/static/html/csindex/public/uploads/indices/detail/files/zh_CN/H30269_Index_Methodology_cn.pdf,200,application/pdf,https://oss-ch.csindex.com.cn/static/html/csindex/public/uploads/indices/detail/files/zh_CN/H30269_Index_Methodology_cn.pdf
S18,https://oss-ch.csindex.com.cn/static/html/csindex/public/uploads/indices/detail/files/zh_CN/20231208180546-931468_Index_Methodology_cn.pdf,200,application/pdf,https://oss-ch.csindex.com.cn/static/html/csindex/public/uploads/indices/detail/files/zh_CN/20231208180546-931468_Index_Methodology_cn.pdf
S19,https://www.cnindex.com.cn/docs/gz_980092.pdf,200,application/pdf,https://www.cnindex.com.cn/docs/gz_980092.pdf
S20,https://www.msci.com/documents/10199/255599/msci-world-value-index-usd-net.pdf,200,application/pdf,https://www.msci.com/documents/10199/255599/msci-world-value-index-usd-net.pdf
S21,https://www.msci.com/documents/10199/255599/msci-world-quality-index-usd-net.pdf,200,application/pdf,https://www.msci.com/documents/10199/255599/msci-world-quality-index-usd-net.pdf
S22,https://www.spglobal.com/spdji/en/indices/equity/sp-500-value/,200,text/html;charset=UTF-8,https://www.spglobal.com/spdji/en/indices/equity/sp-500-value/
S23,https://www.spglobal.com/spdji/en/documents/methodologies/methodology-sp-us-style.pdf,200,application/pdf,https://www.spglobal.com/spdji/en/documents/methodologies/methodology-sp-us-style.pdf
S24,https://research.ftserussell.com/products/downloads/Russell-US-indexes.pdf,200,application/pdf,https://www.lseg.com/content/dam/ftse-russell/en_us/documents/ground-rules/russell-us-indexes-construction-and-methodology.pdf
S25,https://www.ishares.com/us/products/239708/ishares-russell-1000-value-etf,200,text/html;charset=UTF-8,https://www.ishares.com/us/products/239708/ishares-russell-1000-value-etf
S26,https://www.ishares.com/us/products/239728/ishares-sp-500-value-etf,200,text/html;charset=UTF-8,https://www.ishares.com/us/products/239728/ishares-sp-500-value-etf
S27,https://www.schwabassetmanagement.com/products/schd,200,text/html; charset=UTF-8,https://www.schwabassetmanagement.com/products/schd
S28,https://www.spglobal.com/spdji/en/documents/methodologies/methodology-dj-dividend-indices.pdf,200,application/pdf,https://www.spglobal.com/spdji/en/documents/methodologies/methodology-dj-dividend-indices.pdf
S29,https://www.ishares.com/us/products/239726/ishares-core-sp-500-etf,200,text/html;charset=UTF-8,https://www.ishares.com/us/products/239726/ishares-core-sp-500-etf
S30,https://www.federalreserve.gov/releases/h10/hist/dat00_ch.htm,200,text/html,https://www.federalreserve.gov/releases/h10/hist/dat00_ch.htm
S31,https://static.cninfo.com.cn/finalpage/2026-08-18/1225477556.PDF,200,application/pdf,https://static.cninfo.com.cn/finalpage/2026-08-18/1225477556.PDF
S32,https://igw.robam.com/upload/2026/08/31/17881640082037xbo64.pdf,200,application/pdf,https://igw.robam.com/upload/2026/08/31/17881640082037xbo64.pdf
S33,https://vip.stock.finance.sina.com.cn/corp/view/vCB_AllBulletinDetail.php?stockid=000651&id=12553937,200,text/html; charset=gbk,https://vip.stock.finance.sina.com.cn/corp/view/vCB_AllBulletinDetail.php?stockid=000651&id=12553937
S34,https://www.saicmotor.com/chinese/tzzgx/jbqk/cwsj/index.shtml,200,text/html,https://www.saicmotor.com/chinese/tzzgx/jbqk/cwsj/index.shtml
S35,https://vip.stock.finance.sina.com.cn/corp/view/vCB_AllBulletinDetail.php?stockid=600104&id=12567755,200,text/html; charset=gbk,https://vip.stock.finance.sina.com.cn/corp/view/vCB_AllBulletinDetail.php?stockid=600104&id=12567755
S36,https://www.cib.com.cn/cn/aboutCIB/about/news/2026/20260915.html,200,text/html; charset=UTF-8,https://www.cib.com.cn/cn/aboutCIB/about/news/2026/20260915.html
S37,https://www.cnindex.com.cn/sample-detail/download-history?indexcode=980080,200,application/octet-stream;charset=utf-8,https://www.cnindex.com.cn/sample-detail/download-history?indexcode=980080
S38,https://oss-ch.csindex.com.cn/static/html/csindex/public/uploads/file/autofile/cons/000300cons.xls,200,application/vnd.ms-excel,https://oss-ch.csindex.com.cn/static/html/csindex/public/uploads/file/autofile/cons/000300cons.xls
S39,https://mba.tuck.dartmouth.edu/pages/faculty/ken.french/data_library.html,200,text/html,https://mba.tuck.dartmouth.edu/pages/faculty/ken.french/data_library.html
S40,https://www.csindex.com.cn/csindex-home/perf/get-derivative-index?indexCode=931468,200,application/json;charset=UTF-8,https://www.csindex.com.cn/csindex-home/perf/get-derivative-index?indexCode=931468
S41,https://www.cnindex.com.cn/docs/gz_CN6027.pdf,200,application/pdf,https://www.cnindex.com.cn/docs/gz_CN6027.pdf
